,pop,abs,tempo,conc,experiment
1,REF,0.272,0,0,EXP1
2,GSH1,0.254,0,0,EXP1
3,C6,0.258,0,0,EXP1
4,C7,0.259,0,0,EXP1
5,C44,0.541,0,0,EXP1
6,C58,0.251,0,0,EXP1
7,C67,0.265,0,0,EXP1
8,C73,0.245,0,0,EXP1
9,C85,0.251,0,0,EXP1
10,C89,0.254,0,0,EXP1
11,REF,0.271,0,0,EXP1
12,GSH1,0.263,0,0,EXP1
13,C6,0.238,0,0,EXP1
14,C7,0.255,0,0,EXP1
15,C44,0.263,0,0,EXP1
16,C58,0.248,0,0,EXP1
17,C67,0.311,0,0,EXP1
18,C73,0.253,0,0,EXP1
19,C85,0.252,0,0,EXP1
20,C89,0.253,0,0,EXP1
21,REF,0.277,0,0,EXP1
22,GSH1,0.244,0,0,EXP1
23,C6,0.251,0,0,EXP1
24,C7,0.253,0,0,EXP1
25,C44,0.255,0,0,EXP1
26,C58,0.264,0,0,EXP1
27,C67,0.289,0,0,EXP1
28,C73,0.275,0,0,EXP1
29,C85,0.252,0,0,EXP1
30,C89,0.202,0,0,EXP1
31,REF,0.277,0,150,EXP1
32,GSH1,0.254,0,150,EXP1
33,C6,0.27,0,150,EXP1
34,C7,0.285,0,150,EXP1
35,C44,0.283,0,150,EXP1
36,C58,0.276,0,150,EXP1
37,C67,0.274,0,150,EXP1
38,C73,0.279,0,150,EXP1
39,C85,0.283,0,150,EXP1
40,C89,0.22,0,150,EXP1
41,REF,0.298,0,150,EXP1
42,GSH1,0.276,0,150,EXP1
43,C6,0.279,0,150,EXP1
44,C7,0.296,0,150,EXP1
45,C44,0.312,0,150,EXP1
46,C58,0.298,0,150,EXP1
47,C67,0.293,0,150,EXP1
48,C73,0.281,0,150,EXP1
49,C85,0.275,0,150,EXP1
50,C89,0.266,0,150,EXP1
51,REF,0.32,0,150,EXP1
52,GSH1,0.386,0,150,EXP1
53,C6,0.3,0,150,EXP1
54,C7,0.284,0,150,EXP1
55,C44,0.295,0,150,EXP1
56,C58,0.283,0,150,EXP1
57,C67,0.288,0,150,EXP1
58,C73,0.291,0,150,EXP1
59,C85,0.273,0,150,EXP1
60,C89,0.318,0,150,EXP1
61,REF,0.335,0,0,EXP2
62,GSH1,0.264,0,0,EXP2
63,C6,0.268,0,0,EXP2
64,C7,0.635,0,0,EXP2
65,C44,0.217,0,0,EXP2
66,C58,1.348,0,0,EXP2
67,C67,0.212,0,0,EXP2
68,C73,1.385,0,0,EXP2
69,C85,0.274,0,0,EXP2
70,C89,1.34,0,0,EXP2
71,REF,0.242,0,0,EXP2
72,GSH1,0.239,0,0,EXP2
73,C6,0.242,0,0,EXP2
74,C7,0.446,0,0,EXP2
75,C44,0.212,0,0,EXP2
76,C58,0.402,0,0,EXP2
77,C67,0.209,0,0,EXP2
78,C73,0.247,0,0,EXP2
79,C85,0.574,0,0,EXP2
80,C89,0.232,0,0,EXP2
81,REF,0.238,0,0,EXP2
82,GSH1,0.223,0,0,EXP2
83,C6,0.223,0,0,EXP2
84,C7,0.217,0,0,EXP2
85,C44,0.203,0,0,EXP2
86,C58,0.211,0,0,EXP2
87,C67,0.225,0,0,EXP2
88,C73,0.226,0,0,EXP2
89,C85,0.249,0,0,EXP2
90,C89,0.227,0,0,EXP2
91,REF,0.216,0,150,EXP2
92,GSH1,0.228,0,150,EXP2
93,C6,0.236,0,150,EXP2
94,C7,0.23,0,150,EXP2
95,C44,0.203,0,150,EXP2
96,C58,0.221,0,150,EXP2
97,C67,0.218,0,150,EXP2
98,C73,0.21,0,150,EXP2
99,C85,0.244,0,150,EXP2
100,C89,0.227,0,150,EXP2
101,REF,0.228,0,150,EXP2
102,GSH1,0.235,0,150,EXP2
103,C6,0.239,0,150,EXP2
104,C7,0.223,0,150,EXP2
105,C44,0.204,0,150,EXP2
106,C58,0.211,0,150,EXP2
107,C67,0.215,0,150,EXP2
108,C73,0.251,0,150,EXP2
109,C85,0.248,0,150,EXP2
110,C89,0.233,0,150,EXP2
111,REF,0.27,0,150,EXP2
112,GSH1,0.282,0,150,EXP2
113,C6,0.273,0,150,EXP2
114,C7,0.302,0,150,EXP2
115,C44,0.252,0,150,EXP2
116,C58,0.247,0,150,EXP2
117,C67,0.285,0,150,EXP2
118,C73,0.552,0,150,EXP2
119,C85,0.301,0,150,EXP2
120,C89,0.304,0,150,EXP2
121,REF,1.339,0,0,EXP3
122,GSH1,0.384,0,0,EXP3
123,C6,0.152,0,0,EXP3
124,C7,1.317,0,0,EXP3
125,C44,0.171,0,0,EXP3
126,C58,0.165,0,0,EXP3
127,C67,0.162,0,0,EXP3
128,C73,0.143,0,0,EXP3
129,C85,0.154,0,0,EXP3
130,C89,0.135,0,0,EXP3
131,REF,0.748,0,0,EXP3
132,GSH1,0.14,0,0,EXP3
133,C6,0.17,0,0,EXP3
134,C7,1.139,0,0,EXP3
135,C44,0.596,0,0,EXP3
136,C58,0.216,0,0,EXP3
137,C67,0.323,0,0,EXP3
138,C73,0.154,0,0,EXP3
139,C85,0.152,0,0,EXP3
140,C89,0.14,0,0,EXP3
141,REF,0.149,0,0,EXP3
142,GSH1,0.855,0,0,EXP3
143,C6,0.144,0,0,EXP3
144,C7,0.144,0,0,EXP3
145,C44,0.945,0,0,EXP3
146,C58,0.305,0,0,EXP3
147,C67,0.27,0,0,EXP3
148,C73,0.15,0,0,EXP3
149,C85,0.31,0,0,EXP3
150,C89,0.143,0,0,EXP3
151,REF,0.148,0,150,EXP3
152,GSH1,0.156,0,150,EXP3
153,C6,0.371,0,150,EXP3
154,C7,0.147,0,150,EXP3
155,C44,0.15,0,150,EXP3
156,C58,0.602,0,150,EXP3
157,C67,0.172,0,150,EXP3
158,C73,0.148,0,150,EXP3
159,C85,0.664,0,150,EXP3
160,C89,0.149,0,150,EXP3
161,REF,0.14,0,150,EXP3
162,GSH1,0.428,0,150,EXP3
163,C6,0.149,0,150,EXP3
164,C7,0.147,0,150,EXP3
165,C44,0.149,0,150,EXP3
166,C58,0.154,0,150,EXP3
167,C67,0.156,0,150,EXP3
168,C73,0.151,0,150,EXP3
169,C85,0.407,0,150,EXP3
170,C89,0.158,0,150,EXP3
171,REF,0.149,0,150,EXP3
172,GSH1,0.142,0,150,EXP3
173,C6,0.149,0,150,EXP3
174,C7,0.147,0,150,EXP3
175,C44,0.141,0,150,EXP3
176,C58,0.279,0,150,EXP3
177,C67,0.147,0,150,EXP3
178,C73,0.236,0,150,EXP3
179,C85,0.23,0,150,EXP3
180,C89,0.275,0,150,EXP3
181,REF,0.24,24,0,EXP1
182,GSH1,0.219,24,0,EXP1
183,C6,0.21,24,0,EXP1
184,C7,0.206,24,0,EXP1
185,C44,0.211,24,0,EXP1
186,C58,0.2,24,0,EXP1
187,C67,0.21,24,0,EXP1
188,C73,0.215,24,0,EXP1
189,C85,0.209,24,0,EXP1
190,C89,0.225,24,0,EXP1
191,REF,0.26,24,0,EXP1
192,GSH1,0.225,24,0,EXP1
193,C6,0.22,24,0,EXP1
194,C7,0.218,24,0,EXP1
195,C44,0.204,24,0,EXP1
196,C58,0.201,24,0,EXP1
197,C67,0.214,24,0,EXP1
198,C73,0.213,24,0,EXP1
199,C85,0.206,24,0,EXP1
200,C89,0.217,24,0,EXP1
201,REF,0.263,24,0,EXP1
202,GSH1,0.226,24,0,EXP1
203,C6,0.236,24,0,EXP1
204,C7,0.216,24,0,EXP1
205,C44,0.206,24,0,EXP1
206,C58,0.207,24,0,EXP1
207,C67,0.232,24,0,EXP1
208,C73,0.223,24,0,EXP1
209,C85,0.203,24,0,EXP1
210,C89,0.221,24,0,EXP1
211,REF,0.249,24,150,EXP1
212,GSH1,0.229,24,150,EXP1
213,C6,0.236,24,150,EXP1
214,C7,0.219,24,150,EXP1
215,C44,0.214,24,150,EXP1
216,C58,0.21,24,150,EXP1
217,C67,0.224,24,150,EXP1
218,C73,0.224,24,150,EXP1
219,C85,0.211,24,150,EXP1
220,C89,0.233,24,150,EXP1
221,REF,0.249,24,150,EXP1
222,GSH1,0.238,24,150,EXP1
223,C6,0.23,24,150,EXP1
224,C7,0.22,24,150,EXP1
225,C44,0.222,24,150,EXP1
226,C58,0.22,24,150,EXP1
227,C67,0.235,24,150,EXP1
228,C73,0.226,24,150,EXP1
229,C85,0.21,24,150,EXP1
230,C89,0.228,24,150,EXP1
231,REF,0.256,24,150,EXP1
232,GSH1,0.236,24,150,EXP1
233,C6,0.232,24,150,EXP1
234,C7,0.228,24,150,EXP1
235,C44,0.227,24,150,EXP1
236,C58,0.216,24,150,EXP1
237,C67,0.219,24,150,EXP1
238,C73,0.217,24,150,EXP1
239,C85,0.209,24,150,EXP1
240,C89,0.232,24,150,EXP1
241,REF,0.208,24,0,EXP2
242,GSH1,0.213,24,0,EXP2
243,C6,0.202,24,0,EXP2
244,C7,0.201,24,0,EXP2
245,C44,0.2,24,0,EXP2
246,C58,0.199,24,0,EXP2
247,C67,0.199,24,0,EXP2
248,C73,0.2,24,0,EXP2
249,C85,0.188,24,0,EXP2
250,C89,0.183,24,0,EXP2
251,REF,0.205,24,0,EXP2
252,GSH1,0.216,24,0,EXP2
253,C6,0.205,24,0,EXP2
254,C7,0.214,24,0,EXP2
255,C44,0.197,24,0,EXP2
256,C58,0.202,24,0,EXP2
257,C67,0.193,24,0,EXP2
258,C73,0.197,24,0,EXP2
259,C85,0.181,24,0,EXP2
260,C89,0.178,24,0,EXP2
261,REF,0.215,24,0,EXP2
262,GSH1,0.205,24,0,EXP2
263,C6,0.197,24,0,EXP2
264,C7,0.209,24,0,EXP2
265,C44,0.151,24,0,EXP2
266,C58,0.18,24,0,EXP2
267,C67,0.194,24,0,EXP2
268,C73,0.197,24,0,EXP2
269,C85,0.188,24,0,EXP2
270,C89,0.184,24,0,EXP2
271,REF,0.194,24,150,EXP2
272,GSH1,0.197,24,150,EXP2
273,C6,0.192,24,150,EXP2
274,C7,0.151,24,150,EXP2
275,C44,0.141,24,150,EXP2
276,C58,0.146,24,150,EXP2
277,C67,0.182,24,150,EXP2
278,C73,0.189,24,150,EXP2
279,C85,0.184,24,150,EXP2
280,C89,0.183,24,150,EXP2
281,REF,0.192,24,150,EXP2
282,GSH1,0.187,24,150,EXP2
283,C6,0.193,24,150,EXP2
284,C7,0.172,24,150,EXP2
285,C44,0.15,24,150,EXP2
286,C58,0.184,24,150,EXP2
287,C67,0.185,24,150,EXP2
288,C73,0.187,24,150,EXP2
289,C85,0.185,24,150,EXP2
290,C89,0.187,24,150,EXP2
291,REF,0.19,24,150,EXP2
292,GSH1,0.199,24,150,EXP2
293,C6,0.176,24,150,EXP2
294,C7,0.176,24,150,EXP2
295,C44,0.178,24,150,EXP2
296,C58,0.177,24,150,EXP2
297,C67,0.184,24,150,EXP2
298,C73,0.186,24,150,EXP2
299,C85,0.186,24,150,EXP2
300,C89,0.193,24,150,EXP2
301,REF,0.197,24,0,EXP3
302,GSH1,0.192,24,0,EXP3
303,C6,0.191,24,0,EXP3
304,C7,0.196,24,0,EXP3
305,C44,0.186,24,0,EXP3
306,C58,0.174,24,0,EXP3
307,C67,0.167,24,0,EXP3
308,C73,0.167,24,0,EXP3
309,C85,0.156,24,0,EXP3
310,C89,0.156,24,0,EXP3
311,REF,0.19,24,0,EXP3
312,GSH1,0.161,24,0,EXP3
313,C6,0.17,24,0,EXP3
314,C7,0.195,24,0,EXP3
315,C44,0.193,24,0,EXP3
316,C58,0.174,24,0,EXP3
317,C67,0.169,24,0,EXP3
318,C73,0.179,24,0,EXP3
319,C85,0.171,24,0,EXP3
320,C89,0.16,24,0,EXP3
321,REF,0.166,24,0,EXP3
322,GSH1,0.17,24,0,EXP3
323,C6,0.166,24,0,EXP3
324,C7,0.173,24,0,EXP3
325,C44,0.196,24,0,EXP3
326,C58,0.195,24,0,EXP3
327,C67,0.187,24,0,EXP3
328,C73,0.194,24,0,EXP3
329,C85,0.191,24,0,EXP3
330,C89,0.168,24,0,EXP3
331,REF,0.17,24,150,EXP3
332,GSH1,0.166,24,150,EXP3
333,C6,0.161,24,150,EXP3
334,C7,0.173,24,150,EXP3
335,C44,0.186,24,150,EXP3
336,C58,0.191,24,150,EXP3
337,C67,0.196,24,150,EXP3
338,C73,0.191,24,150,EXP3
339,C85,0.193,24,150,EXP3
340,C89,0.186,24,150,EXP3
341,REF,0.159,24,150,EXP3
342,GSH1,0.171,24,150,EXP3
343,C6,0.162,24,150,EXP3
344,C7,0.191,24,150,EXP3
345,C44,0.181,24,150,EXP3
346,C58,0.191,24,150,EXP3
347,C67,0.188,24,150,EXP3
348,C73,0.192,24,150,EXP3
349,C85,0.19,24,150,EXP3
350,C89,0.165,24,150,EXP3
351,REF,0.16,24,150,EXP3
352,GSH1,0.166,24,150,EXP3
353,C6,0.179,24,150,EXP3
354,C7,0.179,24,150,EXP3
355,C44,0.179,24,150,EXP3
356,C58,0.191,24,150,EXP3
357,C67,0.182,24,150,EXP3
358,C73,0.187,24,150,EXP3
359,C85,0.189,24,150,EXP3
360,C89,0.167,24,150,EXP3
361,REF,0.253,48,0,EXP1
362,GSH1,0.216,48,0,EXP1
363,C6,0.225,48,0,EXP1
364,C7,0.208,48,0,EXP1
365,C44,0.22,48,0,EXP1
366,C58,0.208,48,0,EXP1
367,C67,0.257,48,0,EXP1
368,C73,0.213,48,0,EXP1
369,C85,0.188,48,0,EXP1
370,C89,0.212,48,0,EXP1
371,REF,0.292,48,0,EXP1
372,GSH1,0.226,48,0,EXP1
373,C6,0.231,48,0,EXP1
374,C7,0.238,48,0,EXP1
375,C44,0.208,48,0,EXP1
376,C58,0.222,48,0,EXP1
377,C67,0.266,48,0,EXP1
378,C73,0.223,48,0,EXP1
379,C85,0.182,48,0,EXP1
380,C89,0.214,48,0,EXP1
381,REF,0.295,48,0,EXP1
382,GSH1,0.226,48,0,EXP1
383,C6,0.244,48,0,EXP1
384,C7,0.22,48,0,EXP1
385,C44,0.221,48,0,EXP1
386,C58,0.232,48,0,EXP1
387,C67,0.263,48,0,EXP1
388,C73,0.225,48,0,EXP1
389,C85,0.184,48,0,EXP1
390,C89,0.233,48,0,EXP1
391,REF,0.225,48,150,EXP1
392,GSH1,0.208,48,150,EXP1
393,C6,0.208,48,150,EXP1
394,C7,0.211,48,150,EXP1
395,C44,0.204,48,150,EXP1
396,C58,0.205,48,150,EXP1
397,C67,0.217,48,150,EXP1
398,C73,0.208,48,150,EXP1
399,C85,0.191,48,150,EXP1
400,C89,0.196,48,150,EXP1
401,REF,0.232,48,150,EXP1
402,GSH1,0.207,48,150,EXP1
403,C6,0.209,48,150,EXP1
404,C7,0.209,48,150,EXP1
405,C44,0.201,48,150,EXP1
406,C58,0.206,48,150,EXP1
407,C67,0.219,48,150,EXP1
408,C73,0.211,48,150,EXP1
409,C85,0.194,48,150,EXP1
410,C89,0.209,48,150,EXP1
411,REF,0.223,48,150,EXP1
412,GSH1,0.212,48,150,EXP1
413,C6,0.211,48,150,EXP1
414,C7,0.217,48,150,EXP1
415,C44,0.208,48,150,EXP1
416,C58,0.209,48,150,EXP1
417,C67,0.216,48,150,EXP1
418,C73,0.208,48,150,EXP1
419,C85,0.192,48,150,EXP1
420,C89,0.204,48,150,EXP1
421,REF,0.285,48,0,EXP2
422,GSH1,0.292,48,0,EXP2
423,C6,0.273,48,0,EXP2
424,C7,0.278,48,0,EXP2
425,C44,0.279,48,0,EXP2
426,C58,0.277,48,0,EXP2
427,C67,0.289,48,0,EXP2
428,C73,0.25,48,0,EXP2
429,C85,0.257,48,0,EXP2
430,C89,0.251,48,0,EXP2
431,REF,0.288,48,0,EXP2
432,GSH1,0.297,48,0,EXP2
433,C6,0.269,48,0,EXP2
434,C7,0.273,48,0,EXP2
435,C44,0.262,48,0,EXP2
436,C58,0.267,48,0,EXP2
437,C67,0.25,48,0,EXP2
438,C73,0.258,48,0,EXP2
439,C85,0.248,48,0,EXP2
440,C89,0.239,48,0,EXP2
441,REF,0.267,48,0,EXP2
442,GSH1,0.242,48,0,EXP2
443,C6,0.251,48,0,EXP2
444,C7,0.257,48,0,EXP2
445,C44,0.248,48,0,EXP2
446,C58,0.274,48,0,EXP2
447,C67,0.252,48,0,EXP2
448,C73,0.255,48,0,EXP2
449,C85,0.236,48,0,EXP2
450,C89,0.232,48,0,EXP2
451,REF,0.22,48,150,EXP2
452,GSH1,0.241,48,150,EXP2
453,C6,0.233,48,150,EXP2
454,C7,0.228,48,150,EXP2
455,C44,0.216,48,150,EXP2
456,C58,0.216,48,150,EXP2
457,C67,0.214,48,150,EXP2
458,C73,0.218,48,150,EXP2
459,C85,0.213,48,150,EXP2
460,C89,0.214,48,150,EXP2
461,REF,0.259,48,150,EXP2
462,GSH1,0.233,48,150,EXP2
463,C6,0.237,48,150,EXP2
464,C7,0.22,48,150,EXP2
465,C44,0.224,48,150,EXP2
466,C58,0.216,48,150,EXP2
467,C67,0.209,48,150,EXP2
468,C73,0.213,48,150,EXP2
469,C85,0.211,48,150,EXP2
470,C89,0.207,48,150,EXP2
471,REF,0.247,48,150,EXP2
472,GSH1,0.242,48,150,EXP2
473,C6,0.222,48,150,EXP2
474,C7,0.21,48,150,EXP2
475,C44,0.21,48,150,EXP2
476,C58,0.207,48,150,EXP2
477,C67,0.208,48,150,EXP2
478,C73,0.211,48,150,EXP2
479,C85,0.205,48,150,EXP2
480,C89,0.212,48,150,EXP2
481,REF,0.24,48,0,EXP3
482,GSH1,0.245,48,0,EXP3
483,C6,0.233,48,0,EXP3
484,C7,0.228,48,0,EXP3
485,C44,0.22,48,0,EXP3
486,C58,0.228,48,0,EXP3
487,C67,0.224,48,0,EXP3
488,C73,0.228,48,0,EXP3
489,C85,0.227,48,0,EXP3
490,C89,0.231,48,0,EXP3
491,REF,0.233,48,0,EXP3
492,GSH1,0.235,48,0,EXP3
493,C6,0.227,48,0,EXP3
494,C7,0.222,48,0,EXP3
495,C44,0.225,48,0,EXP3
496,C58,0.223,48,0,EXP3
497,C67,0.223,48,0,EXP3
498,C73,0.219,48,0,EXP3
499,C85,0.24,48,0,EXP3
500,C89,0.227,48,0,EXP3
501,REF,0.234,48,0,EXP3
502,GSH1,0.227,48,0,EXP3
503,C6,0.223,48,0,EXP3
504,C7,0.247,48,0,EXP3
505,C44,0.218,48,0,EXP3
506,C58,0.22,48,0,EXP3
507,C67,0.268,48,0,EXP3
508,C73,0.235,48,0,EXP3
509,C85,0.235,48,0,EXP3
510,C89,0.236,48,0,EXP3
511,REF,0.213,48,150,EXP3
512,GSH1,0.215,48,150,EXP3
513,C6,0.209,48,150,EXP3
514,C7,0.207,48,150,EXP3
515,C44,0.206,48,150,EXP3
516,C58,0.207,48,150,EXP3
517,C67,0.216,48,150,EXP3
518,C73,0.212,48,150,EXP3
519,C85,0.219,48,150,EXP3
520,C89,0.227,48,150,EXP3
521,REF,0.204,48,150,EXP3
522,GSH1,0.21,48,150,EXP3
523,C6,0.204,48,150,EXP3
524,C7,0.199,48,150,EXP3
525,C44,0.199,48,150,EXP3
526,C58,0.212,48,150,EXP3
527,C67,0.21,48,150,EXP3
528,C73,0.219,48,150,EXP3
529,C85,0.21,48,150,EXP3
530,C89,0.213,48,150,EXP3
531,REF,0.204,48,150,EXP3
532,GSH1,0.219,48,150,EXP3
533,C6,0.199,48,150,EXP3
534,C7,0.199,48,150,EXP3
535,C44,0.192,48,150,EXP3
536,C58,0.201,48,150,EXP3
537,C67,0.202,48,150,EXP3
538,C73,0.208,48,150,EXP3
539,C85,0.208,48,150,EXP3
540,C89,0.214,48,150,EXP3
541,REF,0.307,72,0,EXP1
542,GSH1,0.261,72,0,EXP1
543,C6,0.281,72,0,EXP1
544,C7,0.291,72,0,EXP1
545,C44,0.277,72,0,EXP1
546,C58,0.291,72,0,EXP1
547,C67,0.349,72,0,EXP1
548,C73,0.285,72,0,EXP1
549,C85,0.134,72,0,EXP1
550,C89,0.292,72,0,EXP1
551,REF,0.319,72,0,EXP1
552,GSH1,0.286,72,0,EXP1
553,C6,0.318,72,0,EXP1
554,C7,0.323,72,0,EXP1
555,C44,0.214,72,0,EXP1
556,C58,0.329,72,0,EXP1
557,C67,0.341,72,0,EXP1
558,C73,0.299,72,0,EXP1
559,C85,0.138,72,0,EXP1
560,C89,0.292,72,0,EXP1
561,REF,0.323,72,0,EXP1
562,GSH1,0.289,72,0,EXP1
563,C6,0.31,72,0,EXP1
564,C7,0.282,72,0,EXP1
565,C44,0.299,72,0,EXP1
566,C58,0.333,72,0,EXP1
567,C67,0.339,72,0,EXP1
568,C73,0.314,72,0,EXP1
569,C85,0.137,72,0,EXP1
570,C89,0.321,72,0,EXP1
571,REF,0.159,72,150,EXP1
572,GSH1,0.143,72,150,EXP1
573,C6,0.144,72,150,EXP1
574,C7,0.143,72,150,EXP1
575,C44,0.15,72,150,EXP1
576,C58,0.153,72,150,EXP1
577,C67,0.153,72,150,EXP1
578,C73,0.156,72,150,EXP1
579,C85,0.137,72,150,EXP1
580,C89,0.142,72,150,EXP1
581,REF,0.159,72,150,EXP1
582,GSH1,0.144,72,150,EXP1
583,C6,0.147,72,150,EXP1
584,C7,0.152,72,150,EXP1
585,C44,0.144,72,150,EXP1
586,C58,0.142,72,150,EXP1
587,C67,0.156,72,150,EXP1
588,C73,0.149,72,150,EXP1
589,C85,0.139,72,150,EXP1
590,C89,0.155,72,150,EXP1
591,REF,0.163,72,150,EXP1
592,GSH1,0.152,72,150,EXP1
593,C6,0.149,72,150,EXP1
594,C7,0.149,72,150,EXP1
595,C44,0.146,72,150,EXP1
596,C58,0.148,72,150,EXP1
597,C67,0.149,72,150,EXP1
598,C73,0.152,72,150,EXP1
599,C85,0.137,72,150,EXP1
600,C89,0.144,72,150,EXP1
601,REF,0.34,72,0,EXP2
602,GSH1,0.366,72,0,EXP2
603,C6,0.265,72,0,EXP2
604,C7,0.316,72,0,EXP2
605,C44,0.315,72,0,EXP2
606,C58,0.359,72,0,EXP2
607,C67,0.337,72,0,EXP2
608,C73,0.328,72,0,EXP2
609,C85,0.288,72,0,EXP2
610,C89,0.259,72,0,EXP2
611,REF,0.345,72,0,EXP2
612,GSH1,0.374,72,0,EXP2
613,C6,0.285,72,0,EXP2
614,C7,0.313,72,0,EXP2
615,C44,0.286,72,0,EXP2
616,C58,0.342,72,0,EXP2
617,C67,0.309,72,0,EXP2
618,C73,0.336,72,0,EXP2
619,C85,0.233,72,0,EXP2
620,C89,0.241,72,0,EXP2
621,REF,0.406,72,0,EXP2
622,GSH1,0.343,72,0,EXP2
623,C6,0.234,72,0,EXP2
624,C7,0.286,72,0,EXP2
625,C44,0.303,72,0,EXP2
626,C58,0.321,72,0,EXP2
627,C67,0.294,72,0,EXP2
628,C73,0.324,72,0,EXP2
629,C85,0.213,72,0,EXP2
630,C89,0.244,72,0,EXP2
631,REF,0.184,72,150,EXP2
632,GSH1,0.176,72,150,EXP2
633,C6,0.171,72,150,EXP2
634,C7,0.17,72,150,EXP2
635,C44,0.163,72,150,EXP2
636,C58,0.174,72,150,EXP2
637,C67,0.166,72,150,EXP2
638,C73,0.168,72,150,EXP2
639,C85,0.169,72,150,EXP2
640,C89,0.166,72,150,EXP2
641,REF,0.184,72,150,EXP2
642,GSH1,0.205,72,150,EXP2
643,C6,0.172,72,150,EXP2
644,C7,0.168,72,150,EXP2
645,C44,0.17,72,150,EXP2
646,C58,0.171,72,150,EXP2
647,C67,0.164,72,150,EXP2
648,C73,0.173,72,150,EXP2
649,C85,0.167,72,150,EXP2
650,C89,0.166,72,150,EXP2
651,REF,0.208,72,150,EXP2
652,GSH1,0.211,72,150,EXP2
653,C6,0.172,72,150,EXP2
654,C7,0.171,72,150,EXP2
655,C44,0.169,72,150,EXP2
656,C58,0.172,72,150,EXP2
657,C67,0.169,72,150,EXP2
658,C73,0.17,72,150,EXP2
659,C85,0.166,72,150,EXP2
660,C89,0.169,72,150,EXP2
661,REF,0.263,72,0,EXP3
662,GSH1,0.289,72,0,EXP3
663,C6,0.272,72,0,EXP3
664,C7,0.255,72,0,EXP3
665,C44,0.226,72,0,EXP3
666,C58,0.249,72,0,EXP3
667,C67,0.227,72,0,EXP3
668,C73,0.232,72,0,EXP3
669,C85,0.201,72,0,EXP3
670,C89,0.238,72,0,EXP3
671,REF,0.256,72,0,EXP3
672,GSH1,0.289,72,0,EXP3
673,C6,0.239,72,0,EXP3
674,C7,0.237,72,0,EXP3
675,C44,0.234,72,0,EXP3
676,C58,0.249,72,0,EXP3
677,C67,0.233,72,0,EXP3
678,C73,0.229,72,0,EXP3
679,C85,0.201,72,0,EXP3
680,C89,0.234,72,0,EXP3
681,REF,0.28,72,0,EXP3
682,GSH1,0.269,72,0,EXP3
683,C6,0.255,72,0,EXP3
684,C7,0.235,72,0,EXP3
685,C44,0.224,72,0,EXP3
686,C58,0.232,72,0,EXP3
687,C67,0.228,72,0,EXP3
688,C73,0.235,72,0,EXP3
689,C85,0.199,72,0,EXP3
690,C89,0.247,72,0,EXP3
691,REF,0.222,72,150,EXP3
692,GSH1,0.201,72,150,EXP3
693,C6,0.201,72,150,EXP3
694,C7,0.194,72,150,EXP3
695,C44,0.187,72,150,EXP3
696,C58,0.192,72,150,EXP3
697,C67,0.196,72,150,EXP3
698,C73,0.207,72,150,EXP3
699,C85,0.202,72,150,EXP3
700,C89,0.212,72,150,EXP3
701,REF,0.204,72,150,EXP3
702,GSH1,0.203,72,150,EXP3
703,C6,0.197,72,150,EXP3
704,C7,0.194,72,150,EXP3
705,C44,0.17,72,150,EXP3
706,C58,0.201,72,150,EXP3
707,C67,0.193,72,150,EXP3
708,C73,0.204,72,150,EXP3
709,C85,0.185,72,150,EXP3
710,C89,0.199,72,150,EXP3
711,REF,0.203,72,150,EXP3
712,GSH1,0.22,72,150,EXP3
713,C6,0.196,72,150,EXP3
714,C7,0.196,72,150,EXP3
715,C44,0.194,72,150,EXP3
716,C58,0.201,72,150,EXP3
717,C67,0.195,72,150,EXP3
718,C73,0.162,72,150,EXP3
719,C85,0.331,72,150,EXP3
720,C89,0.157,72,150,EXP3
721,REF,0.455,96,0,EXP1
722,GSH1,0.405,96,0,EXP1
723,C6,0.398,96,0,EXP1
724,C7,0.404,96,0,EXP1
725,C44,0.442,96,0,EXP1
726,C58,0.364,96,0,EXP1
727,C67,0.434,96,0,EXP1
728,C73,0.404,96,0,EXP1
729,C85,0.157,96,0,EXP1
730,C89,0.463,96,0,EXP1
731,REF,0.436,96,0,EXP1
732,GSH1,0.415,96,0,EXP1
733,C6,0.42,96,0,EXP1
734,C7,0.421,96,0,EXP1
735,C44,0.418,96,0,EXP1
736,C58,0.402,96,0,EXP1
737,C67,0.411,96,0,EXP1
738,C73,0.372,96,0,EXP1
739,C85,0.156,96,0,EXP1
740,C89,0.487,96,0,EXP1
741,REF,0.453,96,0,EXP1
742,GSH1,0.396,96,0,EXP1
743,C6,0.404,96,0,EXP1
744,C7,0.421,96,0,EXP1
745,C44,0.464,96,0,EXP1
746,C58,0.392,96,0,EXP1
747,C67,0.488,96,0,EXP1
748,C73,0.367,96,0,EXP1
749,C85,0.159,96,0,EXP1
750,C89,0.448,96,0,EXP1
751,REF,0.193,96,150,EXP1
752,GSH1,0.169,96,150,EXP1
753,C6,0.171,96,150,EXP1
754,C7,0.173,96,150,EXP1
755,C44,0.174,96,150,EXP1
756,C58,0.176,96,150,EXP1
757,C67,0.175,96,150,EXP1
758,C73,0.174,96,150,EXP1
759,C85,0.16,96,150,EXP1
760,C89,0.167,96,150,EXP1
761,REF,0.191,96,150,EXP1
762,GSH1,0.172,96,150,EXP1
763,C6,0.171,96,150,EXP1
764,C7,0.177,96,150,EXP1
765,C44,0.172,96,150,EXP1
766,C58,0.171,96,150,EXP1
767,C67,0.18,96,150,EXP1
768,C73,0.175,96,150,EXP1
769,C85,0.163,96,150,EXP1
770,C89,0.172,96,150,EXP1
771,REF,0.2,96,150,EXP1
772,GSH1,0.188,96,150,EXP1
773,C6,0.184,96,150,EXP1
774,C7,0.177,96,150,EXP1
775,C44,0.175,96,150,EXP1
776,C58,0.171,96,150,EXP1
777,C67,0.177,96,150,EXP1
778,C73,0.172,96,150,EXP1
779,C85,0.163,96,150,EXP1
780,C89,0.169,96,150,EXP1
781,REF,0.622,96,0,EXP2
782,GSH1,0.634,96,0,EXP2
783,C6,0.546,96,0,EXP2
784,C7,0.597,96,0,EXP2
785,C44,0.652,96,0,EXP2
786,C58,0.606,96,0,EXP2
787,C67,0.631,96,0,EXP2
788,C73,0.618,96,0,EXP2
789,C85,0.617,96,0,EXP2
790,C89,0.628,96,0,EXP2
791,REF,0.62,96,0,EXP2
792,GSH1,0.612,96,0,EXP2
793,C6,0.587,96,0,EXP2
794,C7,0.599,96,0,EXP2
795,C44,0.668,96,0,EXP2
796,C58,0.613,96,0,EXP2
797,C67,0.634,96,0,EXP2
798,C73,0.589,96,0,EXP2
799,C85,0.621,96,0,EXP2
800,C89,0.537,96,0,EXP2
801,REF,0.66,96,0,EXP2
802,GSH1,0.647,96,0,EXP2
803,C6,0.5,96,0,EXP2
804,C7,0.565,96,0,EXP2
805,C44,0.613,96,0,EXP2
806,C58,0.495,96,0,EXP2
807,C67,0.6,96,0,EXP2
808,C73,0.607,96,0,EXP2
809,C85,0.54,96,0,EXP2
810,C89,0.639,96,0,EXP2
811,REF,0.365,96,150,EXP2
812,GSH1,0.375,96,150,EXP2
813,C6,0.324,96,150,EXP2
814,C7,0.297,96,150,EXP2
815,C44,0.305,96,150,EXP2
816,C58,0.374,96,150,EXP2
817,C67,0.356,96,150,EXP2
818,C73,0.369,96,150,EXP2
819,C85,0.373,96,150,EXP2
820,C89,0.343,96,150,EXP2
821,REF,0.381,96,150,EXP2
822,GSH1,0.334,96,150,EXP2
823,C6,0.326,96,150,EXP2
824,C7,0.311,96,150,EXP2
825,C44,0.319,96,150,EXP2
826,C58,0.367,96,150,EXP2
827,C67,0.283,96,150,EXP2
828,C73,0.317,96,150,EXP2
829,C85,0.343,96,150,EXP2
830,C89,0.343,96,150,EXP2
831,REF,0.373,96,150,EXP2
832,GSH1,0.383,96,150,EXP2
833,C6,0.347,96,150,EXP2
834,C7,0.317,96,150,EXP2
835,C44,0.292,96,150,EXP2
836,C58,0.356,96,150,EXP2
837,C67,0.325,96,150,EXP2
838,C73,0.342,96,150,EXP2
839,C85,0.371,96,150,EXP2
840,C89,0.337,96,150,EXP2
841,REF,0.336,96,0,EXP3
842,GSH1,0.357,96,0,EXP3
843,C6,0.317,96,0,EXP3
844,C7,0.3,96,0,EXP3
845,C44,0.305,96,0,EXP3
846,C58,0.321,96,0,EXP3
847,C67,0.298,96,0,EXP3
848,C73,0.29,96,0,EXP3
849,C85,0.303,96,0,EXP3
850,C89,0.323,96,0,EXP3
851,REF,0.346,96,0,EXP3
852,GSH1,0.355,96,0,EXP3
853,C6,0.304,96,0,EXP3
854,C7,0.31,96,0,EXP3
855,C44,0.343,96,0,EXP3
856,C58,0.342,96,0,EXP3
857,C67,0.33,96,0,EXP3
858,C73,0.311,96,0,EXP3
859,C85,0.322,96,0,EXP3
860,C89,0.311,96,0,EXP3
861,REF,0.365,96,0,EXP3
862,GSH1,0.337,96,0,EXP3
863,C6,0.305,96,0,EXP3
864,C7,0.322,96,0,EXP3
865,C44,0.327,96,0,EXP3
866,C58,0.321,96,0,EXP3
867,C67,0.306,96,0,EXP3
868,C73,0.325,96,0,EXP3
869,C85,0.326,96,0,EXP3
870,C89,0.313,96,0,EXP3
871,REF,0.25,96,150,EXP3
872,GSH1,0.229,96,150,EXP3
873,C6,0.224,96,150,EXP3
874,C7,0.222,96,150,EXP3
875,C44,0.217,96,150,EXP3
876,C58,0.216,96,150,EXP3
877,C67,0.23,96,150,EXP3
878,C73,0.233,96,150,EXP3
879,C85,0.229,96,150,EXP3
880,C89,0.221,96,150,EXP3
881,REF,0.227,96,150,EXP3
882,GSH1,0.227,96,150,EXP3
883,C6,0.222,96,150,EXP3
884,C7,0.214,96,150,EXP3
885,C44,0.215,96,150,EXP3
886,C58,0.222,96,150,EXP3
887,C67,0.218,96,150,EXP3
888,C73,0.226,96,150,EXP3
889,C85,0.227,96,150,EXP3
890,C89,0.217,96,150,EXP3
891,REF,0.209,96,150,EXP3
892,GSH1,0.221,96,150,EXP3
893,C6,0.215,96,150,EXP3
894,C7,0.21,96,150,EXP3
895,C44,0.214,96,150,EXP3
896,C58,0.224,96,150,EXP3
897,C67,0.219,96,150,EXP3
898,C73,0.159,96,150,EXP3
899,C85,0.212,96,150,EXP3
900,C89,0.154,96,150,EXP3
