"","X.1","X","pop","abs","tempo","conc","experiment","abs_norm","n_base","n_parasitos"
"1",1,1,"REF",0.272,1,0,"EXP1",0.3144,5e+05,5e+05
"2",2,2,"GSH1",0.254,1,0,"EXP1",0.276733333333333,5e+05,5e+05
"3",3,3,"C6",0.258,1,0,"EXP1",0.282933333333333,5e+05,5e+05
"4",4,4,"C7",0.259,1,0,"EXP1",0.281,5e+05,5e+05
"5",5,5,"C44",0.541,1,0,"EXP1",0.2962,5e+05,5e+05
"6",6,6,"C58",0.251,1,0,"EXP1",0.276266666666667,5e+05,5e+05
"7",7,7,"C67",0.265,1,0,"EXP1",0.311266666666667,5e+05,5e+05
"8",8,8,"C73",0.245,1,0,"EXP1",0.275066666666667,5e+05,5e+05
"9",9,9,"C85",0.251,1,0,"EXP1",0.1872,5e+05,5e+05
"10",10,10,"C89",0.254,1,0,"EXP1",0.288933333333333,5e+05,5e+05
"11",11,11,"REF",0.271,1,0,"EXP1",0.3144,5e+05,5e+05
"12",12,12,"GSH1",0.263,1,0,"EXP1",0.276733333333333,5e+05,5e+05
"13",13,13,"C6",0.238,1,0,"EXP1",0.282933333333333,5e+05,5e+05
"14",14,14,"C7",0.255,1,0,"EXP1",0.281,5e+05,5e+05
"15",15,15,"C44",0.263,1,0,"EXP1",0.2962,5e+05,5e+05
"16",16,16,"C58",0.248,1,0,"EXP1",0.276266666666667,5e+05,5e+05
"17",17,17,"C67",0.311,1,0,"EXP1",0.311266666666667,5e+05,5e+05
"18",18,18,"C73",0.253,1,0,"EXP1",0.275066666666667,5e+05,5e+05
"19",19,19,"C85",0.252,1,0,"EXP1",0.1872,5e+05,5e+05
"20",20,20,"C89",0.253,1,0,"EXP1",0.288933333333333,5e+05,5e+05
"21",21,21,"REF",0.277,1,0,"EXP1",0.3144,5e+05,5e+05
"22",22,22,"GSH1",0.244,1,0,"EXP1",0.276733333333333,5e+05,5e+05
"23",23,23,"C6",0.251,1,0,"EXP1",0.282933333333333,5e+05,5e+05
"24",24,24,"C7",0.253,1,0,"EXP1",0.281,5e+05,5e+05
"25",25,25,"C44",0.255,1,0,"EXP1",0.2962,5e+05,5e+05
"26",26,26,"C58",0.264,1,0,"EXP1",0.276266666666667,5e+05,5e+05
"27",27,27,"C67",0.289,1,0,"EXP1",0.311266666666667,5e+05,5e+05
"28",28,28,"C73",0.275,1,0,"EXP1",0.275066666666667,5e+05,5e+05
"29",29,29,"C85",0.252,1,0,"EXP1",0.1872,5e+05,5e+05
"30",30,30,"C89",0.202,1,0,"EXP1",0.288933333333333,5e+05,5e+05
"31",31,31,"REF",0.277,1,150,"EXP1",0.226266666666667,5e+05,5e+05
"32",32,32,"GSH1",0.254,1,150,"EXP1",0.214266666666667,5e+05,5e+05
"33",33,33,"C6",0.27,1,150,"EXP1",0.2094,5e+05,5e+05
"34",34,34,"C7",0.285,1,150,"EXP1",0.209333333333333,5e+05,5e+05
"35",35,35,"C44",0.283,1,150,"EXP1",0.208466666666667,5e+05,5e+05
"36",36,36,"C58",0.276,1,150,"EXP1",0.2056,5e+05,5e+05
"37",37,37,"C67",0.274,1,150,"EXP1",0.211666666666667,5e+05,5e+05
"38",38,38,"C73",0.279,1,150,"EXP1",0.2082,5e+05,5e+05
"39",39,39,"C85",0.283,1,150,"EXP1",0.1958,5e+05,5e+05
"40",40,40,"C89",0.22,1,150,"EXP1",0.203666666666667,5e+05,5e+05
"41",41,41,"REF",0.298,1,150,"EXP1",0.226266666666667,5e+05,5e+05
"42",42,42,"GSH1",0.276,1,150,"EXP1",0.214266666666667,5e+05,5e+05
"43",43,43,"C6",0.279,1,150,"EXP1",0.2094,5e+05,5e+05
"44",44,44,"C7",0.296,1,150,"EXP1",0.209333333333333,5e+05,5e+05
"45",45,45,"C44",0.312,1,150,"EXP1",0.208466666666667,5e+05,5e+05
"46",46,46,"C58",0.298,1,150,"EXP1",0.2056,5e+05,5e+05
"47",47,47,"C67",0.293,1,150,"EXP1",0.211666666666667,5e+05,5e+05
"48",48,48,"C73",0.281,1,150,"EXP1",0.2082,5e+05,5e+05
"49",49,49,"C85",0.275,1,150,"EXP1",0.1958,5e+05,5e+05
"50",50,50,"C89",0.266,1,150,"EXP1",0.203666666666667,5e+05,5e+05
"51",51,51,"REF",0.32,1,150,"EXP1",0.226266666666667,5e+05,5e+05
"52",52,52,"GSH1",0.386,1,150,"EXP1",0.214266666666667,5e+05,5e+05
"53",53,53,"C6",0.3,1,150,"EXP1",0.2094,5e+05,5e+05
"54",54,54,"C7",0.284,1,150,"EXP1",0.209333333333333,5e+05,5e+05
"55",55,55,"C44",0.295,1,150,"EXP1",0.208466666666667,5e+05,5e+05
"56",56,56,"C58",0.283,1,150,"EXP1",0.2056,5e+05,5e+05
"57",57,57,"C67",0.288,1,150,"EXP1",0.211666666666667,5e+05,5e+05
"58",58,58,"C73",0.291,1,150,"EXP1",0.2082,5e+05,5e+05
"59",59,59,"C85",0.273,1,150,"EXP1",0.1958,5e+05,5e+05
"60",60,60,"C89",0.318,1,150,"EXP1",0.203666666666667,5e+05,5e+05
"61",61,61,"REF",0.335,1,0,"EXP2",0.351733333333333,5e+05,5e+05
"62",62,62,"GSH1",0.264,1,0,"EXP2",0.344466666666667,5e+05,5e+05
"63",63,63,"C6",0.268,1,0,"EXP2",0.303133333333333,5e+05,5e+05
"64",64,64,"C7",0.635,1,0,"EXP2",0.3604,5e+05,5e+05
"65",65,65,"C44",0.217,1,0,"EXP2",0.3204,5e+05,5e+05
"66",66,66,"C58",1.348,1,0,"EXP2",0.4064,5e+05,5e+05
"67",67,67,"C67",0.212,1,0,"EXP2",0.321866666666667,5e+05,5e+05
"68",68,68,"C73",1.385,1,0,"EXP2",0.401133333333333,5e+05,5e+05
"69",69,69,"C85",0.274,1,0,"EXP2",0.327133333333333,5e+05,5e+05
"70",70,70,"C89",1.34,1,0,"EXP2",0.374266666666667,5e+05,5e+05
"71",71,71,"REF",0.242,1,0,"EXP2",0.351733333333333,5e+05,5e+05
"72",72,72,"GSH1",0.239,1,0,"EXP2",0.344466666666667,5e+05,5e+05
"73",73,73,"C6",0.242,1,0,"EXP2",0.303133333333333,5e+05,5e+05
"74",74,74,"C7",0.446,1,0,"EXP2",0.3604,5e+05,5e+05
"75",75,75,"C44",0.212,1,0,"EXP2",0.3204,5e+05,5e+05
"76",76,76,"C58",0.402,1,0,"EXP2",0.4064,5e+05,5e+05
"77",77,77,"C67",0.209,1,0,"EXP2",0.321866666666667,5e+05,5e+05
"78",78,78,"C73",0.247,1,0,"EXP2",0.401133333333333,5e+05,5e+05
"79",79,79,"C85",0.574,1,0,"EXP2",0.327133333333333,5e+05,5e+05
"80",80,80,"C89",0.232,1,0,"EXP2",0.374266666666667,5e+05,5e+05
"81",81,81,"REF",0.238,1,0,"EXP2",0.351733333333333,5e+05,5e+05
"82",82,82,"GSH1",0.223,1,0,"EXP2",0.344466666666667,5e+05,5e+05
"83",83,83,"C6",0.223,1,0,"EXP2",0.303133333333333,5e+05,5e+05
"84",84,84,"C7",0.217,1,0,"EXP2",0.3604,5e+05,5e+05
"85",85,85,"C44",0.203,1,0,"EXP2",0.3204,5e+05,5e+05
"86",86,86,"C58",0.211,1,0,"EXP2",0.4064,5e+05,5e+05
"87",87,87,"C67",0.225,1,0,"EXP2",0.321866666666667,5e+05,5e+05
"88",88,88,"C73",0.226,1,0,"EXP2",0.401133333333333,5e+05,5e+05
"89",89,89,"C85",0.249,1,0,"EXP2",0.327133333333333,5e+05,5e+05
"90",90,90,"C89",0.227,1,0,"EXP2",0.374266666666667,5e+05,5e+05
"91",91,91,"REF",0.216,1,150,"EXP2",0.2474,5e+05,5e+05
"92",92,92,"GSH1",0.228,1,150,"EXP2",0.248533333333333,5e+05,5e+05
"93",93,93,"C6",0.236,1,150,"EXP2",0.2342,5e+05,5e+05
"94",94,94,"C7",0.23,1,150,"EXP2",0.223066666666667,5e+05,5e+05
"95",95,95,"C44",0.203,1,150,"EXP2",0.213066666666667,5e+05,5e+05
"96",96,96,"C58",0.221,1,150,"EXP2",0.229266666666667,5e+05,5e+05
"97",97,97,"C67",0.218,1,150,"EXP2",0.2242,5e+05,5e+05
"98",98,98,"C73",0.21,1,150,"EXP2",0.2504,5e+05,5e+05
"99",99,99,"C85",0.244,1,150,"EXP2",0.237733333333333,5e+05,5e+05
"100",100,100,"C89",0.227,1,150,"EXP2",0.232266666666667,5e+05,5e+05
"101",101,101,"REF",0.228,1,150,"EXP2",0.2474,5e+05,5e+05
"102",102,102,"GSH1",0.235,1,150,"EXP2",0.248533333333333,5e+05,5e+05
"103",103,103,"C6",0.239,1,150,"EXP2",0.2342,5e+05,5e+05
"104",104,104,"C7",0.223,1,150,"EXP2",0.223066666666667,5e+05,5e+05
"105",105,105,"C44",0.204,1,150,"EXP2",0.213066666666667,5e+05,5e+05
"106",106,106,"C58",0.211,1,150,"EXP2",0.229266666666667,5e+05,5e+05
"107",107,107,"C67",0.215,1,150,"EXP2",0.2242,5e+05,5e+05
"108",108,108,"C73",0.251,1,150,"EXP2",0.2504,5e+05,5e+05
"109",109,109,"C85",0.248,1,150,"EXP2",0.237733333333333,5e+05,5e+05
"110",110,110,"C89",0.233,1,150,"EXP2",0.232266666666667,5e+05,5e+05
"111",111,111,"REF",0.27,1,150,"EXP2",0.2474,5e+05,5e+05
"112",112,112,"GSH1",0.282,1,150,"EXP2",0.248533333333333,5e+05,5e+05
"113",113,113,"C6",0.273,1,150,"EXP2",0.2342,5e+05,5e+05
"114",114,114,"C7",0.302,1,150,"EXP2",0.223066666666667,5e+05,5e+05
"115",115,115,"C44",0.252,1,150,"EXP2",0.213066666666667,5e+05,5e+05
"116",116,116,"C58",0.247,1,150,"EXP2",0.229266666666667,5e+05,5e+05
"117",117,117,"C67",0.285,1,150,"EXP2",0.2242,5e+05,5e+05
"118",118,118,"C73",0.552,1,150,"EXP2",0.2504,5e+05,5e+05
"119",119,119,"C85",0.301,1,150,"EXP2",0.237733333333333,5e+05,5e+05
"120",120,120,"C89",0.304,1,150,"EXP2",0.232266666666667,5e+05,5e+05
"121",121,121,"REF",1.339,1,0,"EXP3",0.356133333333333,5e+05,5e+05
"122",122,122,"GSH1",0.384,1,0,"EXP3",0.300333333333333,5e+05,5e+05
"123",123,123,"C6",0.152,1,0,"EXP3",0.224533333333333,5e+05,5e+05
"124",124,124,"C7",1.317,1,0,"EXP3",0.368,5e+05,5e+05
"125",125,125,"C44",0.171,1,0,"EXP3",0.307266666666667,5e+05,5e+05
"126",126,126,"C58",0.165,1,0,"EXP3",0.240933333333333,5e+05,5e+05
"127",127,127,"C67",0.162,1,0,"EXP3",0.241,5e+05,5e+05
"128",128,128,"C73",0.143,1,0,"EXP3",0.2194,5e+05,5e+05
"129",129,129,"C85",0.154,1,0,"EXP3",0.225866666666667,5e+05,5e+05
"130",130,130,"C89",0.135,1,0,"EXP3",0.217466666666667,5e+05,5e+05
"131",131,131,"REF",0.748,1,0,"EXP3",0.356133333333333,5e+05,5e+05
"132",132,132,"GSH1",0.14,1,0,"EXP3",0.300333333333333,5e+05,5e+05
"133",133,133,"C6",0.17,1,0,"EXP3",0.224533333333333,5e+05,5e+05
"134",134,134,"C7",1.139,1,0,"EXP3",0.368,5e+05,5e+05
"135",135,135,"C44",0.596,1,0,"EXP3",0.307266666666667,5e+05,5e+05
"136",136,136,"C58",0.216,1,0,"EXP3",0.240933333333333,5e+05,5e+05
"137",137,137,"C67",0.323,1,0,"EXP3",0.241,5e+05,5e+05
"138",138,138,"C73",0.154,1,0,"EXP3",0.2194,5e+05,5e+05
"139",139,139,"C85",0.152,1,0,"EXP3",0.225866666666667,5e+05,5e+05
"140",140,140,"C89",0.14,1,0,"EXP3",0.217466666666667,5e+05,5e+05
"141",141,141,"REF",0.149,1,0,"EXP3",0.356133333333333,5e+05,5e+05
"142",142,142,"GSH1",0.855,1,0,"EXP3",0.300333333333333,5e+05,5e+05
"143",143,143,"C6",0.144,1,0,"EXP3",0.224533333333333,5e+05,5e+05
"144",144,144,"C7",0.144,1,0,"EXP3",0.368,5e+05,5e+05
"145",145,145,"C44",0.945,1,0,"EXP3",0.307266666666667,5e+05,5e+05
"146",146,146,"C58",0.305,1,0,"EXP3",0.240933333333333,5e+05,5e+05
"147",147,147,"C67",0.27,1,0,"EXP3",0.241,5e+05,5e+05
"148",148,148,"C73",0.15,1,0,"EXP3",0.2194,5e+05,5e+05
"149",149,149,"C85",0.31,1,0,"EXP3",0.225866666666667,5e+05,5e+05
"150",150,150,"C89",0.143,1,0,"EXP3",0.217466666666667,5e+05,5e+05
"151",151,151,"REF",0.148,1,150,"EXP3",0.1908,5e+05,5e+05
"152",152,152,"GSH1",0.156,1,150,"EXP3",0.2116,5e+05,5e+05
"153",153,153,"C6",0.371,1,150,"EXP3",0.202533333333333,5e+05,5e+05
"154",154,154,"C7",0.147,1,150,"EXP3",0.187933333333333,5e+05,5e+05
"155",155,155,"C44",0.15,1,150,"EXP3",0.185333333333333,5e+05,5e+05
"156",156,156,"C58",0.602,1,150,"EXP3",0.232266666666667,5e+05,5e+05
"157",157,157,"C67",0.172,1,150,"EXP3",0.194666666666667,5e+05,5e+05
"158",158,158,"C73",0.148,1,150,"EXP3",0.195666666666667,5e+05,5e+05
"159",159,159,"C85",0.664,1,150,"EXP3",0.259733333333333,5e+05,5e+05
"160",160,160,"C89",0.149,1,150,"EXP3",0.194266666666667,5e+05,5e+05
"161",161,161,"REF",0.14,1,150,"EXP3",0.1908,5e+05,5e+05
"162",162,162,"GSH1",0.428,1,150,"EXP3",0.2116,5e+05,5e+05
"163",163,163,"C6",0.149,1,150,"EXP3",0.202533333333333,5e+05,5e+05
"164",164,164,"C7",0.147,1,150,"EXP3",0.187933333333333,5e+05,5e+05
"165",165,165,"C44",0.149,1,150,"EXP3",0.185333333333333,5e+05,5e+05
"166",166,166,"C58",0.154,1,150,"EXP3",0.232266666666667,5e+05,5e+05
"167",167,167,"C67",0.156,1,150,"EXP3",0.194666666666667,5e+05,5e+05
"168",168,168,"C73",0.151,1,150,"EXP3",0.195666666666667,5e+05,5e+05
"169",169,169,"C85",0.407,1,150,"EXP3",0.259733333333333,5e+05,5e+05
"170",170,170,"C89",0.158,1,150,"EXP3",0.194266666666667,5e+05,5e+05
"171",171,171,"REF",0.149,1,150,"EXP3",0.1908,5e+05,5e+05
"172",172,172,"GSH1",0.142,1,150,"EXP3",0.2116,5e+05,5e+05
"173",173,173,"C6",0.149,1,150,"EXP3",0.202533333333333,5e+05,5e+05
"174",174,174,"C7",0.147,1,150,"EXP3",0.187933333333333,5e+05,5e+05
"175",175,175,"C44",0.141,1,150,"EXP3",0.185333333333333,5e+05,5e+05
"176",176,176,"C58",0.279,1,150,"EXP3",0.232266666666667,5e+05,5e+05
"177",177,177,"C67",0.147,1,150,"EXP3",0.194666666666667,5e+05,5e+05
"178",178,178,"C73",0.236,1,150,"EXP3",0.195666666666667,5e+05,5e+05
"179",179,179,"C85",0.23,1,150,"EXP3",0.259733333333333,5e+05,5e+05
"180",180,180,"C89",0.275,1,150,"EXP3",0.194266666666667,5e+05,5e+05
"181",181,181,"REF",0.24,2,0,"EXP1",0.3144,5e+05,381679.389312977
"182",182,182,"GSH1",0.219,2,0,"EXP1",0.276733333333333,5e+05,395687.786075644
"183",183,183,"C6",0.21,2,0,"EXP1",0.282933333333333,5e+05,371112.158341188
"184",184,184,"C7",0.206,2,0,"EXP1",0.281,5e+05,366548.042704626
"185",185,185,"C44",0.211,2,0,"EXP1",0.2962,5e+05,356178.257933828
"186",186,186,"C58",0.2,2,0,"EXP1",0.276266666666667,5e+05,361969.111969112
"187",187,187,"C67",0.21,2,0,"EXP1",0.311266666666667,5e+05,337331.334332834
"188",188,188,"C73",0.215,2,0,"EXP1",0.275066666666667,5e+05,390814.34803684
"189",189,189,"C85",0.209,2,0,"EXP1",0.1872,5e+05,558226.495726496
"190",190,190,"C89",0.225,2,0,"EXP1",0.288933333333333,5e+05,389363.17489617
"191",191,191,"REF",0.26,2,0,"EXP1",0.3144,5e+05,413486.005089058
"192",192,192,"GSH1",0.225,2,0,"EXP1",0.276733333333333,5e+05,406528.547337991
"193",193,193,"C6",0.22,2,0,"EXP1",0.282933333333333,5e+05,388784.165881244
"194",194,194,"C7",0.218,2,0,"EXP1",0.281,5e+05,387900.355871886
"195",195,195,"C44",0.204,2,0,"EXP1",0.2962,5e+05,344361.917623228
"196",196,196,"C58",0.201,2,0,"EXP1",0.276266666666667,5e+05,363778.957528958
"197",197,197,"C67",0.214,2,0,"EXP1",0.311266666666667,5e+05,343756.69308203
"198",198,198,"C73",0.213,2,0,"EXP1",0.275066666666667,5e+05,387178.86572952
"199",199,199,"C85",0.206,2,0,"EXP1",0.1872,5e+05,550213.675213675
"200",200,200,"C89",0.217,2,0,"EXP1",0.288933333333333,5e+05,375519.150899862
"201",201,201,"REF",0.263,2,0,"EXP1",0.3144,5e+05,418256.997455471
"202",202,202,"GSH1",0.226,2,0,"EXP1",0.276733333333333,5e+05,408335.340881715
"203",203,203,"C6",0.236,2,0,"EXP1",0.282933333333333,5e+05,417059.377945335
"204",204,204,"C7",0.216,2,0,"EXP1",0.281,5e+05,384341.637010676
"205",205,205,"C44",0.206,2,0,"EXP1",0.2962,5e+05,347738.014854828
"206",206,206,"C58",0.207,2,0,"EXP1",0.276266666666667,5e+05,374638.030888031
"207",207,207,"C67",0.232,2,0,"EXP1",0.311266666666667,5e+05,372670.807453416
"208",208,208,"C73",0.223,2,0,"EXP1",0.275066666666667,5e+05,405356.277266117
"209",209,209,"C85",0.203,2,0,"EXP1",0.1872,5e+05,542200.854700855
"210",210,210,"C89",0.221,2,0,"EXP1",0.288933333333333,5e+05,382441.162898016
"211",211,211,"REF",0.249,2,150,"EXP1",0.226266666666667,5e+05,550235.710076606
"212",212,212,"GSH1",0.229,2,150,"EXP1",0.214266666666667,5e+05,534380.833851898
"213",213,213,"C6",0.236,2,150,"EXP1",0.2094,5e+05,563514.804202483
"214",214,214,"C7",0.219,2,150,"EXP1",0.209333333333333,5e+05,523089.171974522
"215",215,215,"C44",0.214,2,150,"EXP1",0.208466666666667,5e+05,513271.506236009
"216",216,216,"C58",0.21,2,150,"EXP1",0.2056,5e+05,510700.389105058
"217",217,217,"C67",0.224,2,150,"EXP1",0.211666666666667,5e+05,529133.858267716
"218",218,218,"C73",0.224,2,150,"EXP1",0.2082,5e+05,537944.284341979
"219",219,219,"C85",0.211,2,150,"EXP1",0.1958,5e+05,538815.117466803
"220",220,220,"C89",0.233,2,150,"EXP1",0.203666666666667,5e+05,572013.093289689
"221",221,221,"REF",0.249,2,150,"EXP1",0.226266666666667,5e+05,550235.710076606
"222",222,222,"GSH1",0.238,2,150,"EXP1",0.214266666666667,5e+05,555382.700684505
"223",223,223,"C6",0.23,2,150,"EXP1",0.2094,5e+05,549188.156638013
"224",224,224,"C7",0.22,2,150,"EXP1",0.209333333333333,5e+05,525477.707006369
"225",225,225,"C44",0.222,2,150,"EXP1",0.208466666666667,5e+05,532459.226095299
"226",226,226,"C58",0.22,2,150,"EXP1",0.2056,5e+05,535019.455252918
"227",227,227,"C67",0.235,2,150,"EXP1",0.211666666666667,5e+05,555118.11023622
"228",228,228,"C73",0.226,2,150,"EXP1",0.2082,5e+05,542747.358309318
"229",229,229,"C85",0.21,2,150,"EXP1",0.1958,5e+05,536261.491317671
"230",230,230,"C89",0.228,2,150,"EXP1",0.203666666666667,5e+05,559738.134206219
"231",231,231,"REF",0.256,2,150,"EXP1",0.226266666666667,5e+05,565704.18385386
"232",232,232,"GSH1",0.236,2,150,"EXP1",0.214266666666667,5e+05,550715.619166148
"233",233,233,"C6",0.232,2,150,"EXP1",0.2094,5e+05,553963.70582617
"234",234,234,"C7",0.228,2,150,"EXP1",0.209333333333333,5e+05,544585.987261147
"235",235,235,"C44",0.227,2,150,"EXP1",0.208466666666667,5e+05,544451.551007355
"236",236,236,"C58",0.216,2,150,"EXP1",0.2056,5e+05,525291.828793774
"237",237,237,"C67",0.219,2,150,"EXP1",0.211666666666667,5e+05,517322.834645669
"238",238,238,"C73",0.217,2,150,"EXP1",0.2082,5e+05,521133.525456292
"239",239,239,"C85",0.209,2,150,"EXP1",0.1958,5e+05,533707.865168539
"240",240,240,"C89",0.232,2,150,"EXP1",0.203666666666667,5e+05,569558.101472995
"241",241,241,"REF",0.208,2,0,"EXP2",0.351733333333333,5e+05,295678.544351782
"242",242,242,"GSH1",0.213,2,0,"EXP2",0.344466666666667,5e+05,309173.601703116
"243",243,243,"C6",0.202,2,0,"EXP2",0.303133333333333,5e+05,333186.716516384
"244",244,244,"C7",0.201,2,0,"EXP2",0.3604,5e+05,278856.825749168
"245",245,245,"C44",0.2,2,0,"EXP2",0.3204,5e+05,312109.86267166
"246",246,246,"C58",0.199,2,0,"EXP2",0.4064,5e+05,244832.677165354
"247",247,247,"C67",0.199,2,0,"EXP2",0.321866666666667,5e+05,309134.217067108
"248",248,248,"C73",0.2,2,0,"EXP2",0.401133333333333,5e+05,249293.667940834
"249",249,249,"C85",0.188,2,0,"EXP2",0.327133333333333,5e+05,287344.609741186
"250",250,250,"C89",0.183,2,0,"EXP2",0.374266666666667,5e+05,244478.090488066
"251",251,251,"REF",0.205,2,0,"EXP2",0.351733333333333,5e+05,291413.949962093
"252",252,252,"GSH1",0.216,2,0,"EXP2",0.344466666666667,5e+05,313528.159473582
"253",253,253,"C6",0.205,2,0,"EXP2",0.303133333333333,5e+05,338135.03408841
"254",254,254,"C7",0.214,2,0,"EXP2",0.3604,5e+05,296892.341842397
"255",255,255,"C44",0.197,2,0,"EXP2",0.3204,5e+05,307428.214731586
"256",256,256,"C58",0.202,2,0,"EXP2",0.4064,5e+05,248523.622047244
"257",257,257,"C67",0.193,2,0,"EXP2",0.321866666666667,5e+05,299813.587406794
"258",258,258,"C73",0.197,2,0,"EXP2",0.401133333333333,5e+05,245554.262921722
"259",259,259,"C85",0.181,2,0,"EXP2",0.327133333333333,5e+05,276645.608314653
"260",260,260,"C89",0.178,2,0,"EXP2",0.374266666666667,5e+05,237798.361239758
"261",261,261,"REF",0.215,2,0,"EXP2",0.351733333333333,5e+05,305629.26459439
"262",262,262,"GSH1",0.205,2,0,"EXP2",0.344466666666667,5e+05,297561.447648539
"263",263,263,"C6",0.197,2,0,"EXP2",0.303133333333333,5e+05,324939.520563009
"264",264,264,"C7",0.209,2,0,"EXP2",0.3604,5e+05,289955.604883463
"265",265,265,"C44",0.151,2,0,"EXP2",0.3204,5e+05,235642.946317104
"266",266,266,"C58",0.18,2,0,"EXP2",0.4064,5e+05,221456.692913386
"267",267,267,"C67",0.194,2,0,"EXP2",0.321866666666667,5e+05,301367.025683513
"268",268,268,"C73",0.197,2,0,"EXP2",0.401133333333333,5e+05,245554.262921722
"269",269,269,"C85",0.188,2,0,"EXP2",0.327133333333333,5e+05,287344.609741186
"270",270,270,"C89",0.184,2,0,"EXP2",0.374266666666667,5e+05,245814.036337727
"271",271,271,"REF",0.194,2,150,"EXP2",0.2474,5e+05,392077.607113985
"272",272,272,"GSH1",0.197,2,150,"EXP2",0.248533333333333,5e+05,396325.107296137
"273",273,273,"C6",0.192,2,150,"EXP2",0.2342,5e+05,409906.063193851
"274",274,274,"C7",0.151,2,150,"EXP2",0.223066666666667,5e+05,338463.837417812
"275",275,275,"C44",0.141,2,150,"EXP2",0.213066666666667,5e+05,330882.352941177
"276",276,276,"C58",0.146,2,150,"EXP2",0.229266666666667,5e+05,318406.513521372
"277",277,277,"C67",0.182,2,150,"EXP2",0.2242,5e+05,405887.600356824
"278",278,278,"C73",0.189,2,150,"EXP2",0.2504,5e+05,377396.166134185
"279",279,279,"C85",0.184,2,150,"EXP2",0.237733333333333,5e+05,386988.222097588
"280",280,280,"C89",0.183,2,150,"EXP2",0.232266666666667,5e+05,393943.74282434
"281",281,281,"REF",0.192,2,150,"EXP2",0.2474,5e+05,388035.569927243
"282",282,282,"GSH1",0.187,2,150,"EXP2",0.248533333333333,5e+05,376207.081545064
"283",283,283,"C6",0.193,2,150,"EXP2",0.2342,5e+05,412040.990606319
"284",284,284,"C7",0.172,2,150,"EXP2",0.223066666666667,5e+05,385534.967124925
"285",285,285,"C44",0.15,2,150,"EXP2",0.213066666666667,5e+05,352002.503128911
"286",286,286,"C58",0.184,2,150,"EXP2",0.229266666666667,5e+05,401279.441698168
"287",287,287,"C67",0.185,2,150,"EXP2",0.2242,5e+05,412578.055307761
"288",288,288,"C73",0.187,2,150,"EXP2",0.2504,5e+05,373402.555910543
"289",289,289,"C85",0.185,2,150,"EXP2",0.237733333333333,5e+05,389091.418956814
"290",290,290,"C89",0.187,2,150,"EXP2",0.232266666666667,5e+05,402554.535017222
"291",291,291,"REF",0.19,2,150,"EXP2",0.2474,5e+05,383993.532740501
"292",292,292,"GSH1",0.199,2,150,"EXP2",0.248533333333333,5e+05,400348.712446352
"293",293,293,"C6",0.176,2,150,"EXP2",0.2342,5e+05,375747.224594364
"294",294,294,"C7",0.176,2,150,"EXP2",0.223066666666667,5e+05,394500.896592947
"295",295,295,"C44",0.178,2,150,"EXP2",0.213066666666667,5e+05,417709.637046308
"296",296,296,"C58",0.177,2,150,"EXP2",0.229266666666667,5e+05,386013.37598139
"297",297,297,"C67",0.184,2,150,"EXP2",0.2242,5e+05,410347.903657449
"298",298,298,"C73",0.186,2,150,"EXP2",0.2504,5e+05,371405.750798722
"299",299,299,"C85",0.186,2,150,"EXP2",0.237733333333333,5e+05,391194.61581604
"300",300,300,"C89",0.193,2,150,"EXP2",0.232266666666667,5e+05,415470.723306544
"301",301,301,"REF",0.197,2,0,"EXP3",0.356133333333333,5e+05,276581.804567578
"302",302,302,"GSH1",0.192,2,0,"EXP3",0.300333333333333,5e+05,319644.839067703
"303",303,303,"C6",0.191,2,0,"EXP3",0.224533333333333,5e+05,425326.603325416
"304",304,304,"C7",0.196,2,0,"EXP3",0.368,5e+05,266304.347826087
"305",305,305,"C44",0.186,2,0,"EXP3",0.307266666666667,5e+05,302668.691690171
"306",306,306,"C58",0.174,2,0,"EXP3",0.240933333333333,5e+05,361095.738793581
"307",307,307,"C67",0.167,2,0,"EXP3",0.241,5e+05,346473.029045643
"308",308,308,"C73",0.167,2,0,"EXP3",0.2194,5e+05,380583.409298086
"309",309,309,"C85",0.156,2,0,"EXP3",0.225866666666667,5e+05,345336.481700118
"310",310,310,"C89",0.156,2,0,"EXP3",0.217466666666667,5e+05,358675.659104844
"311",311,311,"REF",0.19,2,0,"EXP3",0.356133333333333,5e+05,266754.024709846
"312",312,312,"GSH1",0.161,2,0,"EXP3",0.300333333333333,5e+05,268035.51609323
"313",313,313,"C6",0.17,2,0,"EXP3",0.224533333333333,5e+05,378562.945368171
"314",314,314,"C7",0.195,2,0,"EXP3",0.368,5e+05,264945.652173913
"315",315,315,"C44",0.193,2,0,"EXP3",0.307266666666667,5e+05,314059.448904318
"316",316,316,"C58",0.174,2,0,"EXP3",0.240933333333333,5e+05,361095.738793581
"317",317,317,"C67",0.169,2,0,"EXP3",0.241,5e+05,350622.406639004
"318",318,318,"C73",0.179,2,0,"EXP3",0.2194,5e+05,407930.720145852
"319",319,319,"C85",0.171,2,0,"EXP3",0.225866666666667,5e+05,378541.912632822
"320",320,320,"C89",0.16,2,0,"EXP3",0.217466666666667,5e+05,367872.470876763
"321",321,321,"REF",0.166,2,0,"EXP3",0.356133333333333,5e+05,233058.77948334
"322",322,322,"GSH1",0.17,2,0,"EXP3",0.300333333333333,5e+05,283018.867924528
"323",323,323,"C6",0.166,2,0,"EXP3",0.224533333333333,5e+05,369655.581947743
"324",324,324,"C7",0.173,2,0,"EXP3",0.368,5e+05,235054.347826087
"325",325,325,"C44",0.196,2,0,"EXP3",0.307266666666667,5e+05,318941.201996095
"326",326,326,"C58",0.195,2,0,"EXP3",0.240933333333333,5e+05,404676.258992806
"327",327,327,"C67",0.187,2,0,"EXP3",0.241,5e+05,387966.804979253
"328",328,328,"C73",0.194,2,0,"EXP3",0.2194,5e+05,442114.858705561
"329",329,329,"C85",0.191,2,0,"EXP3",0.225866666666667,5e+05,422815.820543093
"330",330,330,"C89",0.168,2,0,"EXP3",0.217466666666667,5e+05,386266.094420601
"331",331,331,"REF",0.17,2,150,"EXP3",0.1908,5e+05,445492.662473795
"332",332,332,"GSH1",0.166,2,150,"EXP3",0.2116,5e+05,392249.527410208
"333",333,333,"C6",0.161,2,150,"EXP3",0.202533333333333,5e+05,397465.437788018
"334",334,334,"C7",0.173,2,150,"EXP3",0.187933333333333,5e+05,460269.599148634
"335",335,335,"C44",0.186,2,150,"EXP3",0.185333333333333,5e+05,501798.561151079
"336",336,336,"C58",0.191,2,150,"EXP3",0.232266666666667,5e+05,411165.327210103
"337",337,337,"C67",0.196,2,150,"EXP3",0.194666666666667,5e+05,503424.657534247
"338",338,338,"C73",0.191,2,150,"EXP3",0.195666666666667,5e+05,488074.957410562
"339",339,339,"C85",0.193,2,150,"EXP3",0.259733333333333,5e+05,371534.907597536
"340",340,340,"C89",0.186,2,150,"EXP3",0.194266666666667,5e+05,478723.404255319
"341",341,341,"REF",0.159,2,150,"EXP3",0.1908,5e+05,416666.666666667
"342",342,342,"GSH1",0.171,2,150,"EXP3",0.2116,5e+05,404064.27221172
"343",343,343,"C6",0.162,2,150,"EXP3",0.202533333333333,5e+05,399934.167215273
"344",344,344,"C7",0.191,2,150,"EXP3",0.187933333333333,5e+05,508158.921603405
"345",345,345,"C44",0.181,2,150,"EXP3",0.185333333333333,5e+05,488309.352517986
"346",346,346,"C58",0.191,2,150,"EXP3",0.232266666666667,5e+05,411165.327210103
"347",347,347,"C67",0.188,2,150,"EXP3",0.194666666666667,5e+05,482876.712328767
"348",348,348,"C73",0.192,2,150,"EXP3",0.195666666666667,5e+05,490630.323679727
"349",349,349,"C85",0.19,2,150,"EXP3",0.259733333333333,5e+05,365759.753593429
"350",350,350,"C89",0.165,2,150,"EXP3",0.194266666666667,5e+05,424673.987645848
"351",351,351,"REF",0.16,2,150,"EXP3",0.1908,5e+05,419287.211740042
"352",352,352,"GSH1",0.166,2,150,"EXP3",0.2116,5e+05,392249.527410208
"353",353,353,"C6",0.179,2,150,"EXP3",0.202533333333333,5e+05,441902.567478604
"354",354,354,"C7",0.179,2,150,"EXP3",0.187933333333333,5e+05,476232.706633558
"355",355,355,"C44",0.179,2,150,"EXP3",0.185333333333333,5e+05,482913.669064748
"356",356,356,"C58",0.191,2,150,"EXP3",0.232266666666667,5e+05,411165.327210103
"357",357,357,"C67",0.182,2,150,"EXP3",0.194666666666667,5e+05,467465.753424658
"358",358,358,"C73",0.187,2,150,"EXP3",0.195666666666667,5e+05,477853.492333901
"359",359,359,"C85",0.189,2,150,"EXP3",0.259733333333333,5e+05,363834.702258727
"360",360,360,"C89",0.167,2,150,"EXP3",0.194266666666667,5e+05,429821.551132464
"361",361,361,"REF",0.253,3,0,"EXP1",0.3144,5e+05,402353.68956743
"362",362,362,"GSH1",0.216,3,0,"EXP1",0.276733333333333,5e+05,390267.405444471
"363",363,363,"C6",0.225,3,0,"EXP1",0.282933333333333,5e+05,397620.169651272
"364",364,364,"C7",0.208,3,0,"EXP1",0.281,5e+05,370106.761565836
"365",365,365,"C44",0.22,3,0,"EXP1",0.2962,5e+05,371370.69547603
"366",366,366,"C58",0.208,3,0,"EXP1",0.276266666666667,5e+05,376447.876447876
"367",367,367,"C67",0.257,3,0,"EXP1",0.311266666666667,5e+05,412829.299635896
"368",368,368,"C73",0.213,3,0,"EXP1",0.275066666666667,5e+05,387178.86572952
"369",369,369,"C85",0.188,3,0,"EXP1",0.1872,5e+05,502136.752136752
"370",370,370,"C89",0.212,3,0,"EXP1",0.288933333333333,5e+05,366866.635902169
"371",371,371,"REF",0.292,3,0,"EXP1",0.3144,5e+05,464376.590330789
"372",372,372,"GSH1",0.226,3,0,"EXP1",0.276733333333333,5e+05,408335.340881715
"373",373,373,"C6",0.231,3,0,"EXP1",0.282933333333333,5e+05,408223.374175306
"374",374,374,"C7",0.238,3,0,"EXP1",0.281,5e+05,423487.544483986
"375",375,375,"C44",0.208,3,0,"EXP1",0.2962,5e+05,351114.112086428
"376",376,376,"C58",0.222,3,0,"EXP1",0.276266666666667,5e+05,401785.714285714
"377",377,377,"C67",0.266,3,0,"EXP1",0.311266666666667,5e+05,427286.356821589
"378",378,378,"C73",0.223,3,0,"EXP1",0.275066666666667,5e+05,405356.277266117
"379",379,379,"C85",0.182,3,0,"EXP1",0.1872,5e+05,486111.111111111
"380",380,380,"C89",0.214,3,0,"EXP1",0.288933333333333,5e+05,370327.641901246
"381",381,381,"REF",0.295,3,0,"EXP1",0.3144,5e+05,469147.582697201
"382",382,382,"GSH1",0.226,3,0,"EXP1",0.276733333333333,5e+05,408335.340881715
"383",383,383,"C6",0.244,3,0,"EXP1",0.282933333333333,5e+05,431196.98397738
"384",384,384,"C7",0.22,3,0,"EXP1",0.281,5e+05,391459.074733096
"385",385,385,"C44",0.221,3,0,"EXP1",0.2962,5e+05,373058.74409183
"386",386,386,"C58",0.232,3,0,"EXP1",0.276266666666667,5e+05,419884.16988417
"387",387,387,"C67",0.263,3,0,"EXP1",0.311266666666667,5e+05,422467.337759692
"388",388,388,"C73",0.225,3,0,"EXP1",0.275066666666667,5e+05,408991.759573437
"389",389,389,"C85",0.184,3,0,"EXP1",0.1872,5e+05,491452.991452991
"390",390,390,"C89",0.233,3,0,"EXP1",0.288933333333333,5e+05,403207.198892478
"391",391,391,"REF",0.225,3,150,"EXP1",0.226266666666667,5e+05,497200.942840306
"392",392,392,"GSH1",0.208,3,150,"EXP1",0.214266666666667,5e+05,485376.477909148
"393",393,393,"C6",0.208,3,150,"EXP1",0.2094,5e+05,496657.11556829
"394",394,394,"C7",0.211,3,150,"EXP1",0.209333333333333,5e+05,503980.891719745
"395",395,395,"C44",0.204,3,150,"EXP1",0.208466666666667,5e+05,489286.856411896
"396",396,396,"C58",0.205,3,150,"EXP1",0.2056,5e+05,498540.856031128
"397",397,397,"C67",0.217,3,150,"EXP1",0.211666666666667,5e+05,512598.42519685
"398",398,398,"C73",0.208,3,150,"EXP1",0.2082,5e+05,499519.692603266
"399",399,399,"C85",0.191,3,150,"EXP1",0.1958,5e+05,487742.594484168
"400",400,400,"C89",0.196,3,150,"EXP1",0.203666666666667,5e+05,481178.396072013
"401",401,401,"REF",0.232,3,150,"EXP1",0.226266666666667,5e+05,512669.41661756
"402",402,402,"GSH1",0.207,3,150,"EXP1",0.214266666666667,5e+05,483042.937149969
"403",403,403,"C6",0.209,3,150,"EXP1",0.2094,5e+05,499044.890162369
"404",404,404,"C7",0.209,3,150,"EXP1",0.209333333333333,5e+05,499203.821656051
"405",405,405,"C44",0.201,3,150,"EXP1",0.208466666666667,5e+05,482091.461464663
"406",406,406,"C58",0.206,3,150,"EXP1",0.2056,5e+05,500972.762645914
"407",407,407,"C67",0.219,3,150,"EXP1",0.211666666666667,5e+05,517322.834645669
"408",408,408,"C73",0.211,3,150,"EXP1",0.2082,5e+05,506724.303554275
"409",409,409,"C85",0.194,3,150,"EXP1",0.1958,5e+05,495403.472931563
"410",410,410,"C89",0.209,3,150,"EXP1",0.203666666666667,5e+05,513093.289689034
"411",411,411,"REF",0.223,3,150,"EXP1",0.226266666666667,5e+05,492781.378903948
"412",412,412,"GSH1",0.212,3,150,"EXP1",0.214266666666667,5e+05,494710.640945862
"413",413,413,"C6",0.211,3,150,"EXP1",0.2094,5e+05,503820.439350525
"414",414,414,"C7",0.217,3,150,"EXP1",0.209333333333333,5e+05,518312.101910828
"415",415,415,"C44",0.208,3,150,"EXP1",0.208466666666667,5e+05,498880.716341541
"416",416,416,"C58",0.209,3,150,"EXP1",0.2056,5e+05,508268.482490272
"417",417,417,"C67",0.216,3,150,"EXP1",0.211666666666667,5e+05,510236.220472441
"418",418,418,"C73",0.208,3,150,"EXP1",0.2082,5e+05,499519.692603266
"419",419,419,"C85",0.192,3,150,"EXP1",0.1958,5e+05,490296.220633299
"420",420,420,"C89",0.204,3,150,"EXP1",0.203666666666667,5e+05,500818.330605565
"421",421,421,"REF",0.285,3,0,"EXP2",0.351733333333333,5e+05,405136.46702047
"422",422,422,"GSH1",0.292,3,0,"EXP2",0.344466666666667,5e+05,423843.622992065
"423",423,423,"C6",0.273,3,0,"EXP2",0.303133333333333,5e+05,450296.899054321
"424",424,424,"C7",0.278,3,0,"EXP2",0.3604,5e+05,385682.574916759
"425",425,425,"C44",0.279,3,0,"EXP2",0.3204,5e+05,435393.258426966
"426",426,426,"C58",0.277,3,0,"EXP2",0.4064,5e+05,340797.244094488
"427",427,427,"C67",0.289,3,0,"EXP2",0.321866666666667,5e+05,448943.661971831
"428",428,428,"C73",0.25,3,0,"EXP2",0.401133333333333,5e+05,311617.084926043
"429",429,429,"C85",0.257,3,0,"EXP2",0.327133333333333,5e+05,392806.195231302
"430",430,430,"C89",0.251,3,0,"EXP2",0.374266666666667,5e+05,335322.408265052
"431",431,431,"REF",0.288,3,0,"EXP2",0.351733333333333,5e+05,409401.061410159
"432",432,432,"GSH1",0.297,3,0,"EXP2",0.344466666666667,5e+05,431101.219276176
"433",433,433,"C6",0.269,3,0,"EXP2",0.303133333333333,5e+05,443699.142291621
"434",434,434,"C7",0.273,3,0,"EXP2",0.3604,5e+05,378745.837957825
"435",435,435,"C44",0.262,3,0,"EXP2",0.3204,5e+05,408863.920099875
"436",436,436,"C58",0.267,3,0,"EXP2",0.4064,5e+05,328494.094488189
"437",437,437,"C67",0.25,3,0,"EXP2",0.321866666666667,5e+05,388359.569179785
"438",438,438,"C73",0.258,3,0,"EXP2",0.401133333333333,5e+05,321588.831643676
"439",439,439,"C85",0.248,3,0,"EXP2",0.327133333333333,5e+05,379050.336254331
"440",440,440,"C89",0.239,3,0,"EXP2",0.374266666666667,5e+05,319291.058069113
"441",441,441,"REF",0.267,3,0,"EXP2",0.351733333333333,5e+05,379548.900682335
"442",442,442,"GSH1",0.242,3,0,"EXP2",0.344466666666667,5e+05,351267.660150958
"443",443,443,"C6",0.251,3,0,"EXP2",0.303133333333333,5e+05,414009.236859468
"444",444,444,"C7",0.257,3,0,"EXP2",0.3604,5e+05,356548.279689234
"445",445,445,"C44",0.248,3,0,"EXP2",0.3204,5e+05,387016.229712859
"446",446,446,"C58",0.274,3,0,"EXP2",0.4064,5e+05,337106.299212598
"447",447,447,"C67",0.252,3,0,"EXP2",0.321866666666667,5e+05,391466.445733223
"448",448,448,"C73",0.255,3,0,"EXP2",0.401133333333333,5e+05,317849.426624564
"449",449,449,"C85",0.236,3,0,"EXP2",0.327133333333333,5e+05,360709.190951702
"450",450,450,"C89",0.232,3,0,"EXP2",0.374266666666667,5e+05,309939.437121482
"451",451,451,"REF",0.22,3,150,"EXP2",0.2474,5e+05,444624.090541633
"452",452,452,"GSH1",0.241,3,150,"EXP2",0.248533333333333,5e+05,484844.420600858
"453",453,453,"C6",0.233,3,150,"EXP2",0.2342,5e+05,497438.087105038
"454",454,454,"C7",0.228,3,150,"EXP2",0.223066666666667,5e+05,511057.979677227
"455",455,455,"C44",0.216,3,150,"EXP2",0.213066666666667,5e+05,506883.604505632
"456",456,456,"C58",0.216,3,150,"EXP2",0.229266666666667,5e+05,471067.170689154
"457",457,457,"C67",0.214,3,150,"EXP2",0.2242,5e+05,477252.453166815
"458",458,458,"C73",0.218,3,150,"EXP2",0.2504,5e+05,435303.514376997
"459",459,459,"C85",0.213,3,150,"EXP2",0.237733333333333,5e+05,447980.931015143
"460",460,460,"C89",0.214,3,150,"EXP2",0.232266666666667,5e+05,460677.382319173
"461",461,461,"REF",0.259,3,150,"EXP2",0.2474,5e+05,523443.815683104
"462",462,462,"GSH1",0.233,3,150,"EXP2",0.248533333333333,5e+05,468750
"463",463,463,"C6",0.237,3,150,"EXP2",0.2342,5e+05,505977.79675491
"464",464,464,"C7",0.22,3,150,"EXP2",0.223066666666667,5e+05,493126.120741184
"465",465,465,"C44",0.224,3,150,"EXP2",0.213066666666667,5e+05,525657.071339174
"466",466,466,"C58",0.216,3,150,"EXP2",0.229266666666667,5e+05,471067.170689154
"467",467,467,"C67",0.209,3,150,"EXP2",0.2242,5e+05,466101.694915254
"468",468,468,"C73",0.213,3,150,"EXP2",0.2504,5e+05,425319.488817891
"469",469,469,"C85",0.211,3,150,"EXP2",0.237733333333333,5e+05,443774.537296691
"470",470,470,"C89",0.207,3,150,"EXP2",0.232266666666667,5e+05,445608.49598163
"471",471,471,"REF",0.247,3,150,"EXP2",0.2474,5e+05,499191.592562652
"472",472,472,"GSH1",0.242,3,150,"EXP2",0.248533333333333,5e+05,486856.223175966
"473",473,473,"C6",0.222,3,150,"EXP2",0.2342,5e+05,473953.885567891
"474",474,474,"C7",0.21,3,150,"EXP2",0.223066666666667,5e+05,470711.29707113
"475",475,475,"C44",0.21,3,150,"EXP2",0.213066666666667,5e+05,492803.504380476
"476",476,476,"C58",0.207,3,150,"EXP2",0.229266666666667,5e+05,451439.371910439
"477",477,477,"C67",0.208,3,150,"EXP2",0.2242,5e+05,463871.543264942
"478",478,478,"C73",0.211,3,150,"EXP2",0.2504,5e+05,421325.878594249
"479",479,479,"C85",0.205,3,150,"EXP2",0.237733333333333,5e+05,431155.356141335
"480",480,480,"C89",0.212,3,150,"EXP2",0.232266666666667,5e+05,456371.986222732
"481",481,481,"REF",0.24,3,0,"EXP3",0.356133333333333,5e+05,336952.452265069
"482",482,482,"GSH1",0.245,3,0,"EXP3",0.300333333333333,5e+05,407880.13318535
"483",483,483,"C6",0.233,3,0,"EXP3",0.224533333333333,5e+05,518853.919239905
"484",484,484,"C7",0.228,3,0,"EXP3",0.368,5e+05,309782.608695652
"485",485,485,"C44",0.22,3,0,"EXP3",0.307266666666667,5e+05,357995.22673031
"486",486,486,"C58",0.228,3,0,"EXP3",0.240933333333333,5e+05,473159.933591588
"487",487,487,"C67",0.224,3,0,"EXP3",0.241,5e+05,464730.290456432
"488",488,488,"C73",0.228,3,0,"EXP3",0.2194,5e+05,519598.906107566
"489",489,489,"C85",0.227,3,0,"EXP3",0.225866666666667,5e+05,502508.854781582
"490",490,490,"C89",0.231,3,0,"EXP3",0.217466666666667,5e+05,531115.879828326
"491",491,491,"REF",0.233,3,0,"EXP3",0.356133333333333,5e+05,327124.672407338
"492",492,492,"GSH1",0.235,3,0,"EXP3",0.300333333333333,5e+05,391231.964483907
"493",493,493,"C6",0.227,3,0,"EXP3",0.224533333333333,5e+05,505492.874109264
"494",494,494,"C7",0.222,3,0,"EXP3",0.368,5e+05,301630.434782609
"495",495,495,"C44",0.225,3,0,"EXP3",0.307266666666667,5e+05,366131.481883272
"496",496,496,"C58",0.223,3,0,"EXP3",0.240933333333333,5e+05,462783.619258439
"497",497,497,"C67",0.223,3,0,"EXP3",0.241,5e+05,462655.601659751
"498",498,498,"C73",0.219,3,0,"EXP3",0.2194,5e+05,499088.422971741
"499",499,499,"C85",0.24,3,0,"EXP3",0.225866666666667,5e+05,531286.894923259
"500",500,500,"C89",0.227,3,0,"EXP3",0.217466666666667,5e+05,521919.068056407
"501",501,501,"REF",0.234,3,0,"EXP3",0.356133333333333,5e+05,328528.640958443
"502",502,502,"GSH1",0.227,3,0,"EXP3",0.300333333333333,5e+05,377913.429522752
"503",503,503,"C6",0.223,3,0,"EXP3",0.224533333333333,5e+05,496585.510688836
"504",504,504,"C7",0.247,3,0,"EXP3",0.368,5e+05,335597.826086957
"505",505,505,"C44",0.218,3,0,"EXP3",0.307266666666667,5e+05,354740.724669126
"506",506,506,"C58",0.22,3,0,"EXP3",0.240933333333333,5e+05,456557.83065855
"507",507,507,"C67",0.268,3,0,"EXP3",0.241,5e+05,556016.597510373
"508",508,508,"C73",0.235,3,0,"EXP3",0.2194,5e+05,535551.504102097
"509",509,509,"C85",0.235,3,0,"EXP3",0.225866666666667,5e+05,520218.417945691
"510",510,510,"C89",0.236,3,0,"EXP3",0.217466666666667,5e+05,542611.894543225
"511",511,511,"REF",0.213,3,150,"EXP3",0.1908,5e+05,558176.100628931
"512",512,512,"GSH1",0.215,3,150,"EXP3",0.2116,5e+05,508034.026465028
"513",513,513,"C6",0.209,3,150,"EXP3",0.202533333333333,5e+05,515964.450296247
"514",514,514,"C7",0.207,3,150,"EXP3",0.187933333333333,5e+05,550727.208229869
"515",515,515,"C44",0.206,3,150,"EXP3",0.185333333333333,5e+05,555755.395683453
"516",516,516,"C58",0.207,3,150,"EXP3",0.232266666666667,5e+05,445608.49598163
"517",517,517,"C67",0.216,3,150,"EXP3",0.194666666666667,5e+05,554794.520547945
"518",518,518,"C73",0.212,3,150,"EXP3",0.195666666666667,5e+05,541737.649063032
"519",519,519,"C85",0.219,3,150,"EXP3",0.259733333333333,5e+05,421586.242299795
"520",520,520,"C89",0.227,3,150,"EXP3",0.194266666666667,5e+05,584248.455730954
"521",521,521,"REF",0.204,3,150,"EXP3",0.1908,5e+05,534591.194968553
"522",522,522,"GSH1",0.21,3,150,"EXP3",0.2116,5e+05,496219.281663516
"523",523,523,"C6",0.204,3,150,"EXP3",0.202533333333333,5e+05,503620.803159974
"524",524,524,"C7",0.199,3,150,"EXP3",0.187933333333333,5e+05,529443.064916637
"525",525,525,"C44",0.199,3,150,"EXP3",0.185333333333333,5e+05,536870.503597122
"526",526,526,"C58",0.212,3,150,"EXP3",0.232266666666667,5e+05,456371.986222732
"527",527,527,"C67",0.21,3,150,"EXP3",0.194666666666667,5e+05,539383.561643836
"528",528,528,"C73",0.219,3,150,"EXP3",0.195666666666667,5e+05,559625.212947189
"529",529,529,"C85",0.21,3,150,"EXP3",0.259733333333333,5e+05,404260.780287474
"530",530,530,"C89",0.213,3,150,"EXP3",0.194266666666667,5e+05,548215.51132464
"531",531,531,"REF",0.204,3,150,"EXP3",0.1908,5e+05,534591.194968553
"532",532,532,"GSH1",0.219,3,150,"EXP3",0.2116,5e+05,517485.822306238
"533",533,533,"C6",0.199,3,150,"EXP3",0.202533333333333,5e+05,491277.1560237
"534",534,534,"C7",0.199,3,150,"EXP3",0.187933333333333,5e+05,529443.064916637
"535",535,535,"C44",0.192,3,150,"EXP3",0.185333333333333,5e+05,517985.611510791
"536",536,536,"C58",0.201,3,150,"EXP3",0.232266666666667,5e+05,432692.307692308
"537",537,537,"C67",0.202,3,150,"EXP3",0.194666666666667,5e+05,518835.616438356
"538",538,538,"C73",0.208,3,150,"EXP3",0.195666666666667,5e+05,531516.183986371
"539",539,539,"C85",0.208,3,150,"EXP3",0.259733333333333,5e+05,400410.67761807
"540",540,540,"C89",0.214,3,150,"EXP3",0.194266666666667,5e+05,550789.293067948
"541",541,541,"REF",0.307,4,0,"EXP1",0.3144,5e+05,488231.55216285
"542",542,542,"GSH1",0.261,4,0,"EXP1",0.276733333333333,5e+05,471573.114912069
"543",543,543,"C6",0.281,4,0,"EXP1",0.282933333333333,5e+05,496583.411875589
"544",544,544,"C7",0.291,4,0,"EXP1",0.281,5e+05,517793.59430605
"545",545,545,"C44",0.277,4,0,"EXP1",0.2962,5e+05,467589.466576637
"546",546,546,"C58",0.291,4,0,"EXP1",0.276266666666667,5e+05,526665.057915058
"547",547,547,"C67",0.349,4,0,"EXP1",0.311266666666667,5e+05,560612.550867423
"548",548,548,"C73",0.285,4,0,"EXP1",0.275066666666667,5e+05,518056.22879302
"549",549,549,"C85",0.134,4,0,"EXP1",0.1872,5e+05,357905.982905983
"550",550,550,"C89",0.292,4,0,"EXP1",0.288933333333333,5e+05,505306.875865252
"551",551,551,"REF",0.319,4,0,"EXP1",0.3144,5e+05,507315.521628499
"552",552,552,"GSH1",0.286,4,0,"EXP1",0.276733333333333,5e+05,516742.953505179
"553",553,553,"C6",0.318,4,0,"EXP1",0.282933333333333,5e+05,561969.839773798
"554",554,554,"C7",0.323,4,0,"EXP1",0.281,5e+05,574733.096085409
"555",555,555,"C44",0.214,4,0,"EXP1",0.2962,5e+05,361242.403781229
"556",556,556,"C58",0.329,4,0,"EXP1",0.276266666666667,5e+05,595439.189189189
"557",557,557,"C67",0.341,4,0,"EXP1",0.311266666666667,5e+05,547761.83336903
"558",558,558,"C73",0.299,4,0,"EXP1",0.275066666666667,5e+05,543504.604944256
"559",559,559,"C85",0.138,4,0,"EXP1",0.1872,5e+05,368589.743589744
"560",560,560,"C89",0.292,4,0,"EXP1",0.288933333333333,5e+05,505306.875865252
"561",561,561,"REF",0.323,4,0,"EXP1",0.3144,5e+05,513676.844783715
"562",562,562,"GSH1",0.289,4,0,"EXP1",0.276733333333333,5e+05,522163.334136353
"563",563,563,"C6",0.31,4,0,"EXP1",0.282933333333333,5e+05,547832.233741753
"564",564,564,"C7",0.282,4,0,"EXP1",0.281,5e+05,501779.359430605
"565",565,565,"C44",0.299,4,0,"EXP1",0.2962,5e+05,504726.53612424
"566",566,566,"C58",0.333,4,0,"EXP1",0.276266666666667,5e+05,602678.571428571
"567",567,567,"C67",0.339,4,0,"EXP1",0.311266666666667,5e+05,544549.153994431
"568",568,568,"C73",0.314,4,0,"EXP1",0.275066666666667,5e+05,570770.722249152
"569",569,569,"C85",0.137,4,0,"EXP1",0.1872,5e+05,365918.803418803
"570",570,570,"C89",0.321,4,0,"EXP1",0.288933333333333,5e+05,555491.462851869
"571",571,571,"REF",0.159,4,150,"EXP1",0.226266666666667,5e+05,351355.332940483
"572",572,572,"GSH1",0.143,4,150,"EXP1",0.214266666666667,5e+05,333696.328562539
"573",573,573,"C6",0.144,4,150,"EXP1",0.2094,5e+05,343839.541547278
"574",574,574,"C7",0.143,4,150,"EXP1",0.209333333333333,5e+05,341560.50955414
"575",575,575,"C44",0.15,4,150,"EXP1",0.208466666666667,5e+05,359769.747361689
"576",576,576,"C58",0.153,4,150,"EXP1",0.2056,5e+05,372081.712062257
"577",577,577,"C67",0.153,4,150,"EXP1",0.211666666666667,5e+05,361417.322834646
"578",578,578,"C73",0.156,4,150,"EXP1",0.2082,5e+05,374639.76945245
"579",579,579,"C85",0.137,4,150,"EXP1",0.1958,5e+05,349846.782431052
"580",580,580,"C89",0.142,4,150,"EXP1",0.203666666666667,5e+05,348608.83797054
"581",581,581,"REF",0.159,4,150,"EXP1",0.226266666666667,5e+05,351355.332940483
"582",582,582,"GSH1",0.144,4,150,"EXP1",0.214266666666667,5e+05,336029.869321717
"583",583,583,"C6",0.147,4,150,"EXP1",0.2094,5e+05,351002.865329513
"584",584,584,"C7",0.152,4,150,"EXP1",0.209333333333333,5e+05,363057.324840764
"585",585,585,"C44",0.144,4,150,"EXP1",0.208466666666667,5e+05,345378.957467221
"586",586,586,"C58",0.142,4,150,"EXP1",0.2056,5e+05,345330.739299611
"587",587,587,"C67",0.156,4,150,"EXP1",0.211666666666667,5e+05,368503.937007874
"588",588,588,"C73",0.149,4,150,"EXP1",0.2082,5e+05,357829.010566763
"589",589,589,"C85",0.139,4,150,"EXP1",0.1958,5e+05,354954.034729316
"590",590,590,"C89",0.155,4,150,"EXP1",0.203666666666667,5e+05,380523.731587561
"591",591,591,"REF",0.163,4,150,"EXP1",0.226266666666667,5e+05,360194.4608132
"592",592,592,"GSH1",0.152,4,150,"EXP1",0.214266666666667,5e+05,354698.195395146
"593",593,593,"C6",0.149,4,150,"EXP1",0.2094,5e+05,355778.41451767
"594",594,594,"C7",0.149,4,150,"EXP1",0.209333333333333,5e+05,355891.719745223
"595",595,595,"C44",0.146,4,150,"EXP1",0.208466666666667,5e+05,350175.887432043
"596",596,596,"C58",0.148,4,150,"EXP1",0.2056,5e+05,359922.178988327
"597",597,597,"C67",0.149,4,150,"EXP1",0.211666666666667,5e+05,351968.503937008
"598",598,598,"C73",0.152,4,150,"EXP1",0.2082,5e+05,365033.621517771
"599",599,599,"C85",0.137,4,150,"EXP1",0.1958,5e+05,349846.782431052
"600",600,600,"C89",0.144,4,150,"EXP1",0.203666666666667,5e+05,353518.821603928
"601",601,601,"REF",0.34,4,0,"EXP2",0.351733333333333,5e+05,483320.697498105
"602",602,602,"GSH1",0.366,4,0,"EXP2",0.344466666666667,5e+05,531256.047996903
"603",603,603,"C6",0.265,4,0,"EXP2",0.303133333333333,5e+05,437101.38552892
"604",604,604,"C7",0.316,4,0,"EXP2",0.3604,5e+05,438401.775804662
"605",605,605,"C44",0.315,4,0,"EXP2",0.3204,5e+05,491573.033707865
"606",606,606,"C58",0.359,4,0,"EXP2",0.4064,5e+05,441683.070866142
"607",607,607,"C67",0.337,4,0,"EXP2",0.321866666666667,5e+05,523508.69925435
"608",608,608,"C73",0.328,4,0,"EXP2",0.401133333333333,5e+05,408841.615422968
"609",609,609,"C85",0.288,4,0,"EXP2",0.327133333333333,5e+05,440187.487263094
"610",610,610,"C89",0.259,4,0,"EXP2",0.374266666666667,5e+05,346009.975062344
"611",611,611,"REF",0.345,4,0,"EXP2",0.351733333333333,5e+05,490428.354814253
"612",612,612,"GSH1",0.374,4,0,"EXP2",0.344466666666667,5e+05,542868.202051481
"613",613,613,"C6",0.285,4,0,"EXP2",0.303133333333333,5e+05,470090.169342423
"614",614,614,"C7",0.313,4,0,"EXP2",0.3604,5e+05,434239.733629301
"615",615,615,"C44",0.286,4,0,"EXP2",0.3204,5e+05,446317.103620474
"616",616,616,"C58",0.342,4,0,"EXP2",0.4064,5e+05,420767.716535433
"617",617,617,"C67",0.309,4,0,"EXP2",0.321866666666667,5e+05,480012.427506214
"618",618,618,"C73",0.336,4,0,"EXP2",0.401133333333333,5e+05,418813.362140602
"619",619,619,"C85",0.233,4,0,"EXP2",0.327133333333333,5e+05,356123.904626044
"620",620,620,"C89",0.241,4,0,"EXP2",0.374266666666667,5e+05,321962.949768436
"621",621,621,"REF",0.406,4,0,"EXP2",0.351733333333333,5e+05,577141.774071266
"622",622,622,"GSH1",0.343,4,0,"EXP2",0.344466666666667,5e+05,497871.105089994
"623",623,623,"C6",0.234,4,0,"EXP2",0.303133333333333,5e+05,385968.77061799
"624",624,624,"C7",0.286,4,0,"EXP2",0.3604,5e+05,396781.354051054
"625",625,625,"C44",0.303,4,0,"EXP2",0.3204,5e+05,472846.441947566
"626",626,626,"C58",0.321,4,0,"EXP2",0.4064,5e+05,394931.102362205
"627",627,627,"C67",0.294,4,0,"EXP2",0.321866666666667,5e+05,456710.853355427
"628",628,628,"C73",0.324,4,0,"EXP2",0.401133333333333,5e+05,403855.742064152
"629",629,629,"C85",0.213,4,0,"EXP2",0.327133333333333,5e+05,325555.329121663
"630",630,630,"C89",0.244,4,0,"EXP2",0.374266666666667,5e+05,325970.787317421
"631",631,631,"REF",0.184,4,150,"EXP2",0.2474,5e+05,371867.421180275
"632",632,632,"GSH1",0.176,4,150,"EXP2",0.248533333333333,5e+05,354077.253218884
"633",633,633,"C6",0.171,4,150,"EXP2",0.2342,5e+05,365072.587532024
"634",634,634,"C7",0.17,4,150,"EXP2",0.223066666666667,5e+05,381052.002390915
"635",635,635,"C44",0.163,4,150,"EXP2",0.213066666666667,5e+05,382509.386733417
"636",636,636,"C58",0.174,4,150,"EXP2",0.229266666666667,5e+05,379470.776388485
"637",637,637,"C67",0.166,4,150,"EXP2",0.2242,5e+05,370205.173951829
"638",638,638,"C73",0.168,4,150,"EXP2",0.2504,5e+05,335463.258785942
"639",639,639,"C85",0.169,4,150,"EXP2",0.237733333333333,5e+05,355440.269209198
"640",640,640,"C89",0.166,4,150,"EXP2",0.232266666666667,5e+05,357347.876004592
"641",641,641,"REF",0.184,4,150,"EXP2",0.2474,5e+05,371867.421180275
"642",642,642,"GSH1",0.205,4,150,"EXP2",0.248533333333333,5e+05,412419.527896996
"643",643,643,"C6",0.172,4,150,"EXP2",0.2342,5e+05,367207.514944492
"644",644,644,"C7",0.168,4,150,"EXP2",0.223066666666667,5e+05,376569.037656904
"645",645,645,"C44",0.17,4,150,"EXP2",0.213066666666667,5e+05,398936.170212766
"646",646,646,"C58",0.171,4,150,"EXP2",0.229266666666667,5e+05,372928.17679558
"647",647,647,"C67",0.164,4,150,"EXP2",0.2242,5e+05,365744.870651204
"648",648,648,"C73",0.173,4,150,"EXP2",0.2504,5e+05,345447.284345048
"649",649,649,"C85",0.167,4,150,"EXP2",0.237733333333333,5e+05,351233.875490746
"650",650,650,"C89",0.166,4,150,"EXP2",0.232266666666667,5e+05,357347.876004592
"651",651,651,"REF",0.208,4,150,"EXP2",0.2474,5e+05,420371.86742118
"652",652,652,"GSH1",0.211,4,150,"EXP2",0.248533333333333,5e+05,424490.343347639
"653",653,653,"C6",0.172,4,150,"EXP2",0.2342,5e+05,367207.514944492
"654",654,654,"C7",0.171,4,150,"EXP2",0.223066666666667,5e+05,383293.48475792
"655",655,655,"C44",0.169,4,150,"EXP2",0.213066666666667,5e+05,396589.486858573
"656",656,656,"C58",0.172,4,150,"EXP2",0.229266666666667,5e+05,375109.043326548
"657",657,657,"C67",0.169,4,150,"EXP2",0.2242,5e+05,376895.628902765
"658",658,658,"C73",0.17,4,150,"EXP2",0.2504,5e+05,339456.869009585
"659",659,659,"C85",0.166,4,150,"EXP2",0.237733333333333,5e+05,349130.67863152
"660",660,660,"C89",0.169,4,150,"EXP2",0.232266666666667,5e+05,363805.970149254
"661",661,661,"REF",0.263,4,0,"EXP3",0.356133333333333,5e+05,369243.728940472
"662",662,662,"GSH1",0.289,4,0,"EXP3",0.300333333333333,5e+05,481132.075471698
"663",663,663,"C6",0.272,4,0,"EXP3",0.224533333333333,5e+05,605700.712589074
"664",664,664,"C7",0.255,4,0,"EXP3",0.368,5e+05,346467.391304348
"665",665,665,"C44",0.226,4,0,"EXP3",0.307266666666667,5e+05,367758.732913864
"666",666,666,"C58",0.249,4,0,"EXP3",0.240933333333333,5e+05,516740.453790814
"667",667,667,"C67",0.227,4,0,"EXP3",0.241,5e+05,470954.356846473
"668",668,668,"C73",0.232,4,0,"EXP3",0.2194,5e+05,528714.676390155
"669",669,669,"C85",0.201,4,0,"EXP3",0.225866666666667,5e+05,444952.774498229
"670",670,670,"C89",0.238,4,0,"EXP3",0.217466666666667,5e+05,547210.300429185
"671",671,671,"REF",0.256,4,0,"EXP3",0.356133333333333,5e+05,359415.949082741
"672",672,672,"GSH1",0.289,4,0,"EXP3",0.300333333333333,5e+05,481132.075471698
"673",673,673,"C6",0.239,4,0,"EXP3",0.224533333333333,5e+05,532214.964370546
"674",674,674,"C7",0.237,4,0,"EXP3",0.368,5e+05,322010.869565217
"675",675,675,"C44",0.234,4,0,"EXP3",0.307266666666667,5e+05,380776.741158603
"676",676,676,"C58",0.249,4,0,"EXP3",0.240933333333333,5e+05,516740.453790814
"677",677,677,"C67",0.233,4,0,"EXP3",0.241,5e+05,483402.489626556
"678",678,678,"C73",0.229,4,0,"EXP3",0.2194,5e+05,521877.848678213
"679",679,679,"C85",0.201,4,0,"EXP3",0.225866666666667,5e+05,444952.774498229
"680",680,680,"C89",0.234,4,0,"EXP3",0.217466666666667,5e+05,538013.488657265
"681",681,681,"REF",0.28,4,0,"EXP3",0.356133333333333,5e+05,393111.194309247
"682",682,682,"GSH1",0.269,4,0,"EXP3",0.300333333333333,5e+05,447835.738068812
"683",683,683,"C6",0.255,4,0,"EXP3",0.224533333333333,5e+05,567844.418052257
"684",684,684,"C7",0.235,4,0,"EXP3",0.368,5e+05,319293.47826087
"685",685,685,"C44",0.224,4,0,"EXP3",0.307266666666667,5e+05,364504.23085268
"686",686,686,"C58",0.232,4,0,"EXP3",0.240933333333333,5e+05,481460.985058107
"687",687,687,"C67",0.228,4,0,"EXP3",0.241,5e+05,473029.045643153
"688",688,688,"C73",0.235,4,0,"EXP3",0.2194,5e+05,535551.504102097
"689",689,689,"C85",0.199,4,0,"EXP3",0.225866666666667,5e+05,440525.383707202
"690",690,690,"C89",0.247,4,0,"EXP3",0.217466666666667,5e+05,567903.126916002
"691",691,691,"REF",0.222,4,150,"EXP3",0.1908,5e+05,581761.006289308
"692",692,692,"GSH1",0.201,4,150,"EXP3",0.2116,5e+05,474952.741020794
"693",693,693,"C6",0.201,4,150,"EXP3",0.202533333333333,5e+05,496214.614878209
"694",694,694,"C7",0.194,4,150,"EXP3",0.187933333333333,5e+05,516140.475345867
"695",695,695,"C44",0.187,4,150,"EXP3",0.185333333333333,5e+05,504496.402877698
"696",696,696,"C58",0.192,4,150,"EXP3",0.232266666666667,5e+05,413318.025258324
"697",697,697,"C67",0.196,4,150,"EXP3",0.194666666666667,5e+05,503424.657534247
"698",698,698,"C73",0.207,4,150,"EXP3",0.195666666666667,5e+05,528960.817717206
"699",699,699,"C85",0.202,4,150,"EXP3",0.259733333333333,5e+05,388860.369609856
"700",700,700,"C89",0.212,4,150,"EXP3",0.194266666666667,5e+05,545641.729581331
"701",701,701,"REF",0.204,4,150,"EXP3",0.1908,5e+05,534591.194968553
"702",702,702,"GSH1",0.203,4,150,"EXP3",0.2116,5e+05,479678.638941399
"703",703,703,"C6",0.197,4,150,"EXP3",0.202533333333333,5e+05,486339.69716919
"704",704,704,"C7",0.194,4,150,"EXP3",0.187933333333333,5e+05,516140.475345867
"705",705,705,"C44",0.17,4,150,"EXP3",0.185333333333333,5e+05,458633.09352518
"706",706,706,"C58",0.201,4,150,"EXP3",0.232266666666667,5e+05,432692.307692308
"707",707,707,"C67",0.193,4,150,"EXP3",0.194666666666667,5e+05,495719.178082192
"708",708,708,"C73",0.204,4,150,"EXP3",0.195666666666667,5e+05,521294.71890971
"709",709,709,"C85",0.185,4,150,"EXP3",0.259733333333333,5e+05,356134.496919918
"710",710,710,"C89",0.199,4,150,"EXP3",0.194266666666667,5e+05,512182.566918325
"711",711,711,"REF",0.203,4,150,"EXP3",0.1908,5e+05,531970.649895178
"712",712,712,"GSH1",0.22,4,150,"EXP3",0.2116,5e+05,519848.771266541
"713",713,713,"C6",0.196,4,150,"EXP3",0.202533333333333,5e+05,483870.967741935
"714",714,714,"C7",0.196,4,150,"EXP3",0.187933333333333,5e+05,521461.511174175
"715",715,715,"C44",0.194,4,150,"EXP3",0.185333333333333,5e+05,523381.294964029
"716",716,716,"C58",0.201,4,150,"EXP3",0.232266666666667,5e+05,432692.307692308
"717",717,717,"C67",0.195,4,150,"EXP3",0.194666666666667,5e+05,500856.164383562
"718",718,718,"C73",0.162,4,150,"EXP3",0.195666666666667,5e+05,413969.33560477
"719",719,719,"C85",0.331,4,150,"EXP3",0.259733333333333,5e+05,637191.991786448
"720",720,720,"C89",0.157,4,150,"EXP3",0.194266666666667,5e+05,404083.733699382
"721",721,721,"REF",0.455,5,0,"EXP1",0.3144,5e+05,723600.508905852
"722",722,722,"GSH1",0.405,5,0,"EXP1",0.276733333333333,5e+05,731751.385208384
"723",723,723,"C6",0.398,5,0,"EXP1",0.282933333333333,5e+05,703345.900094251
"724",724,724,"C7",0.404,5,0,"EXP1",0.281,5e+05,718861.209964413
"725",725,725,"C44",0.442,5,0,"EXP1",0.2962,5e+05,746117.48818366
"726",726,726,"C58",0.364,5,0,"EXP1",0.276266666666667,5e+05,658783.783783784
"727",727,727,"C67",0.434,5,0,"EXP1",0.311266666666667,5e+05,697151.424287856
"728",728,728,"C73",0.404,5,0,"EXP1",0.275066666666667,5e+05,734367.426078526
"729",729,729,"C85",0.157,5,0,"EXP1",0.1872,5e+05,419337.606837607
"730",730,730,"C89",0.463,5,0,"EXP1",0.288933333333333,5e+05,801222.888786341
"731",731,731,"REF",0.436,5,0,"EXP1",0.3144,5e+05,693384.223918575
"732",732,732,"GSH1",0.415,5,0,"EXP1",0.276733333333333,5e+05,749819.320645628
"733",733,733,"C6",0.42,5,0,"EXP1",0.282933333333333,5e+05,742224.316682375
"734",734,734,"C7",0.421,5,0,"EXP1",0.281,5e+05,749110.320284698
"735",735,735,"C44",0.418,5,0,"EXP1",0.2962,5e+05,705604.321404456
"736",736,736,"C58",0.402,5,0,"EXP1",0.276266666666667,5e+05,727557.915057915
"737",737,737,"C67",0.411,5,0,"EXP1",0.311266666666667,5e+05,660205.611479974
"738",738,738,"C73",0.372,5,0,"EXP1",0.275066666666667,5e+05,676199.709161415
"739",739,739,"C85",0.156,5,0,"EXP1",0.1872,5e+05,416666.666666667
"740",740,740,"C89",0.487,5,0,"EXP1",0.288933333333333,5e+05,842754.960775265
"741",741,741,"REF",0.453,5,0,"EXP1",0.3144,5e+05,720419.847328244
"742",742,742,"GSH1",0.396,5,0,"EXP1",0.276733333333333,5e+05,715490.243314864
"743",743,743,"C6",0.404,5,0,"EXP1",0.282933333333333,5e+05,713949.104618285
"744",744,744,"C7",0.421,5,0,"EXP1",0.281,5e+05,749110.320284698
"745",745,745,"C44",0.464,5,0,"EXP1",0.2962,5e+05,783254.557731263
"746",746,746,"C58",0.392,5,0,"EXP1",0.276266666666667,5e+05,709459.45945946
"747",747,747,"C67",0.488,5,0,"EXP1",0.311266666666667,5e+05,783893.767402013
"748",748,748,"C73",0.367,5,0,"EXP1",0.275066666666667,5e+05,667111.003393117
"749",749,749,"C85",0.159,5,0,"EXP1",0.1872,5e+05,424679.487179487
"750",750,750,"C89",0.448,5,0,"EXP1",0.288933333333333,5e+05,775265.343793263
"751",751,751,"REF",0.193,5,150,"EXP1",0.226266666666667,5e+05,426487.919858574
"752",752,752,"GSH1",0.169,5,150,"EXP1",0.214266666666667,5e+05,394368.388301182
"753",753,753,"C6",0.171,5,150,"EXP1",0.2094,5e+05,408309.455587393
"754",754,754,"C7",0.173,5,150,"EXP1",0.209333333333333,5e+05,413216.560509554
"755",755,755,"C44",0.174,5,150,"EXP1",0.208466666666667,5e+05,417332.906939559
"756",756,756,"C58",0.176,5,150,"EXP1",0.2056,5e+05,428015.564202335
"757",757,757,"C67",0.175,5,150,"EXP1",0.211666666666667,5e+05,413385.826771654
"758",758,758,"C73",0.174,5,150,"EXP1",0.2082,5e+05,417867.435158501
"759",759,759,"C85",0.16,5,150,"EXP1",0.1958,5e+05,408580.183861083
"760",760,760,"C89",0.167,5,150,"EXP1",0.203666666666667,5e+05,409983.633387889
"761",761,761,"REF",0.191,5,150,"EXP1",0.226266666666667,5e+05,422068.355922216
"762",762,762,"GSH1",0.172,5,150,"EXP1",0.214266666666667,5e+05,401369.010578718
"763",763,763,"C6",0.171,5,150,"EXP1",0.2094,5e+05,408309.455587393
"764",764,764,"C7",0.177,5,150,"EXP1",0.209333333333333,5e+05,422770.700636943
"765",765,765,"C44",0.172,5,150,"EXP1",0.208466666666667,5e+05,412535.976974736
"766",766,766,"C58",0.171,5,150,"EXP1",0.2056,5e+05,415856.031128405
"767",767,767,"C67",0.18,5,150,"EXP1",0.211666666666667,5e+05,425196.850393701
"768",768,768,"C73",0.175,5,150,"EXP1",0.2082,5e+05,420268.972142171
"769",769,769,"C85",0.163,5,150,"EXP1",0.1958,5e+05,416241.062308478
"770",770,770,"C89",0.172,5,150,"EXP1",0.203666666666667,5e+05,422258.592471358
"771",771,771,"REF",0.2,5,150,"EXP1",0.226266666666667,5e+05,441956.393635828
"772",772,772,"GSH1",0.188,5,150,"EXP1",0.214266666666667,5e+05,438705.662725576
"773",773,773,"C6",0.184,5,150,"EXP1",0.2094,5e+05,439350.525310411
"774",774,774,"C7",0.177,5,150,"EXP1",0.209333333333333,5e+05,422770.700636943
"775",775,775,"C44",0.175,5,150,"EXP1",0.208466666666667,5e+05,419731.37192197
"776",776,776,"C58",0.171,5,150,"EXP1",0.2056,5e+05,415856.031128405
"777",777,777,"C67",0.177,5,150,"EXP1",0.211666666666667,5e+05,418110.236220472
"778",778,778,"C73",0.172,5,150,"EXP1",0.2082,5e+05,413064.361191162
"779",779,779,"C85",0.163,5,150,"EXP1",0.1958,5e+05,416241.062308478
"780",780,780,"C89",0.169,5,150,"EXP1",0.203666666666667,5e+05,414893.617021277
"781",781,781,"REF",0.622,5,0,"EXP2",0.351733333333333,5e+05,884192.570128885
"782",782,782,"GSH1",0.634,5,0,"EXP2",0.344466666666667,5e+05,920263.208825237
"783",783,783,"C6",0.546,5,0,"EXP2",0.303133333333333,5e+05,900593.798108643
"784",784,784,"C7",0.597,5,0,"EXP2",0.3604,5e+05,828246.392896781
"785",785,785,"C44",0.652,5,0,"EXP2",0.3204,5e+05,1017478.15230961
"786",786,786,"C58",0.606,5,0,"EXP2",0.4064,5e+05,745570.866141732
"787",787,787,"C67",0.631,5,0,"EXP2",0.321866666666667,5e+05,980219.552609776
"788",788,788,"C73",0.618,5,0,"EXP2",0.401133333333333,5e+05,770317.433937178
"789",789,789,"C85",0.617,5,0,"EXP2",0.327133333333333,5e+05,943040.554310169
"790",790,790,"C89",0.628,5,0,"EXP2",0.374266666666667,5e+05,838973.99358746
"791",791,791,"REF",0.62,5,0,"EXP2",0.351733333333333,5e+05,881349.507202426
"792",792,792,"GSH1",0.612,5,0,"EXP2",0.344466666666667,5e+05,888329.78517515
"793",793,793,"C6",0.587,5,0,"EXP2",0.303133333333333,5e+05,968220.804926325
"794",794,794,"C7",0.599,5,0,"EXP2",0.3604,5e+05,831021.087680355
"795",795,795,"C44",0.668,5,0,"EXP2",0.3204,5e+05,1042446.94132335
"796",796,796,"C58",0.613,5,0,"EXP2",0.4064,5e+05,754183.070866142
"797",797,797,"C67",0.634,5,0,"EXP2",0.321866666666667,5e+05,984879.867439934
"798",798,798,"C73",0.589,5,0,"EXP2",0.401133333333333,5e+05,734169.852085757
"799",799,799,"C85",0.621,5,0,"EXP2",0.327133333333333,5e+05,949154.269411045
"800",800,800,"C89",0.537,5,0,"EXP2",0.374266666666667,5e+05,717402.921268258
"801",801,801,"REF",0.66,5,0,"EXP2",0.351733333333333,5e+05,938210.765731615
"802",802,802,"GSH1",0.647,5,0,"EXP2",0.344466666666667,5e+05,939132.959163925
"803",803,803,"C6",0.5,5,0,"EXP2",0.303133333333333,5e+05,824719.595337585
"804",804,804,"C7",0.565,5,0,"EXP2",0.3604,5e+05,783851.2763596
"805",805,805,"C44",0.613,5,0,"EXP2",0.3204,5e+05,956616.729088639
"806",806,806,"C58",0.495,5,0,"EXP2",0.4064,5e+05,609005.905511811
"807",807,807,"C67",0.6,5,0,"EXP2",0.321866666666667,5e+05,932062.966031483
"808",808,808,"C73",0.607,5,0,"EXP2",0.401133333333333,5e+05,756606.282200432
"809",809,809,"C85",0.54,5,0,"EXP2",0.327133333333333,5e+05,825351.5386183
"810",810,810,"C89",0.639,5,0,"EXP2",0.374266666666667,5e+05,853669.397933737
"811",811,811,"REF",0.365,5,150,"EXP2",0.2474,5e+05,737671.786580437
"812",812,812,"GSH1",0.375,5,150,"EXP2",0.248533333333333,5e+05,754425.965665236
"813",813,813,"C6",0.324,5,150,"EXP2",0.2342,5e+05,691716.481639624
"814",814,814,"C7",0.297,5,150,"EXP2",0.223066666666667,5e+05,665720.263000598
"815",815,815,"C44",0.305,5,150,"EXP2",0.213066666666667,5e+05,715738.423028786
"816",816,816,"C58",0.374,5,150,"EXP2",0.229266666666667,5e+05,815644.082582146
"817",817,817,"C67",0.356,5,150,"EXP2",0.2242,5e+05,793933.987511151
"818",818,818,"C73",0.369,5,150,"EXP2",0.2504,5e+05,736821.086261981
"819",819,819,"C85",0.373,5,150,"EXP2",0.237733333333333,5e+05,784492.428491307
"820",820,820,"C89",0.343,5,150,"EXP2",0.232266666666667,5e+05,738375.43053961
"821",821,821,"REF",0.381,5,150,"EXP2",0.2474,5e+05,770008.084074373
"822",822,822,"GSH1",0.334,5,150,"EXP2",0.248533333333333,5e+05,671942.060085837
"823",823,823,"C6",0.326,5,150,"EXP2",0.2342,5e+05,695986.33646456
"824",824,824,"C7",0.311,5,150,"EXP2",0.223066666666667,5e+05,697101.016138673
"825",825,825,"C44",0.319,5,150,"EXP2",0.213066666666667,5e+05,748591.989987484
"826",826,826,"C58",0.367,5,150,"EXP2",0.229266666666667,5e+05,800378.016865368
"827",827,827,"C67",0.283,5,150,"EXP2",0.2242,5e+05,631132.917038359
"828",828,828,"C73",0.317,5,150,"EXP2",0.2504,5e+05,632987.220447284
"829",829,829,"C85",0.343,5,150,"EXP2",0.237733333333333,5e+05,721396.522714526
"830",830,830,"C89",0.343,5,150,"EXP2",0.232266666666667,5e+05,738375.43053961
"831",831,831,"REF",0.373,5,150,"EXP2",0.2474,5e+05,753839.935327405
"832",832,832,"GSH1",0.383,5,150,"EXP2",0.248533333333333,5e+05,770520.386266094
"833",833,833,"C6",0.347,5,150,"EXP2",0.2342,5e+05,740819.812126388
"834",834,834,"C7",0.317,5,150,"EXP2",0.223066666666667,5e+05,710549.910340705
"835",835,835,"C44",0.292,5,150,"EXP2",0.213066666666667,5e+05,685231.53942428
"836",836,836,"C58",0.356,5,150,"EXP2",0.229266666666667,5e+05,776388.485024716
"837",837,837,"C67",0.325,5,150,"EXP2",0.2242,5e+05,724799.286351472
"838",838,838,"C73",0.342,5,150,"EXP2",0.2504,5e+05,682907.348242812
"839",839,839,"C85",0.371,5,150,"EXP2",0.237733333333333,5e+05,780286.034772855
"840",840,840,"C89",0.337,5,150,"EXP2",0.232266666666667,5e+05,725459.242250287
"841",841,841,"REF",0.336,5,0,"EXP3",0.356133333333333,5e+05,471733.433171097
"842",842,842,"GSH1",0.357,5,0,"EXP3",0.300333333333333,5e+05,594339.622641509
"843",843,843,"C6",0.317,5,0,"EXP3",0.224533333333333,5e+05,705908.551068884
"844",844,844,"C7",0.3,5,0,"EXP3",0.368,5e+05,407608.695652174
"845",845,845,"C44",0.305,5,0,"EXP3",0.307266666666667,5e+05,496311.564330657
"846",846,846,"C58",0.321,5,0,"EXP3",0.240933333333333,5e+05,666159.380188157
"847",847,847,"C67",0.298,5,0,"EXP3",0.241,5e+05,618257.261410788
"848",848,848,"C73",0.29,5,0,"EXP3",0.2194,5e+05,660893.345487694
"849",849,849,"C85",0.303,5,0,"EXP3",0.225866666666667,5e+05,670749.704840614
"850",850,850,"C89",0.323,5,0,"EXP3",0.217466666666667,5e+05,742642.550582465
"851",851,851,"REF",0.346,5,0,"EXP3",0.356133333333333,5e+05,485773.118682141
"852",852,852,"GSH1",0.355,5,0,"EXP3",0.300333333333333,5e+05,591009.988901221
"853",853,853,"C6",0.304,5,0,"EXP3",0.224533333333333,5e+05,676959.619952494
"854",854,854,"C7",0.31,5,0,"EXP3",0.368,5e+05,421195.652173913
"855",855,855,"C44",0.343,5,0,"EXP3",0.307266666666667,5e+05,558147.103493165
"856",856,856,"C58",0.342,5,0,"EXP3",0.240933333333333,5e+05,709739.900387382
"857",857,857,"C67",0.33,5,0,"EXP3",0.241,5e+05,684647.302904564
"858",858,858,"C73",0.311,5,0,"EXP3",0.2194,5e+05,708751.139471285
"859",859,859,"C85",0.322,5,0,"EXP3",0.225866666666667,5e+05,712809.917355372
"860",860,860,"C89",0.311,5,0,"EXP3",0.217466666666667,5e+05,715052.115266707
"861",861,861,"REF",0.365,5,0,"EXP3",0.356133333333333,5e+05,512448.521153126
"862",862,862,"GSH1",0.337,5,0,"EXP3",0.300333333333333,5e+05,561043.285238624
"863",863,863,"C6",0.305,5,0,"EXP3",0.224533333333333,5e+05,679186.460807601
"864",864,864,"C7",0.322,5,0,"EXP3",0.368,5e+05,437500
"865",865,865,"C44",0.327,5,0,"EXP3",0.307266666666667,5e+05,532111.087003688
"866",866,866,"C58",0.321,5,0,"EXP3",0.240933333333333,5e+05,666159.380188157
"867",867,867,"C67",0.306,5,0,"EXP3",0.241,5e+05,634854.771784232
"868",868,868,"C73",0.325,5,0,"EXP3",0.2194,5e+05,740656.335460346
"869",869,869,"C85",0.326,5,0,"EXP3",0.225866666666667,5e+05,721664.698937426
"870",870,870,"C89",0.313,5,0,"EXP3",0.217466666666667,5e+05,719650.521152667
"871",871,871,"REF",0.25,5,150,"EXP3",0.1908,5e+05,655136.268343816
"872",872,872,"GSH1",0.229,5,150,"EXP3",0.2116,5e+05,541115.311909263
"873",873,873,"C6",0.224,5,150,"EXP3",0.202533333333333,5e+05,552995.391705069
"874",874,874,"C7",0.222,5,150,"EXP3",0.187933333333333,5e+05,590634.976942178
"875",875,875,"C44",0.217,5,150,"EXP3",0.185333333333333,5e+05,585431.654676259
"876",876,876,"C58",0.216,5,150,"EXP3",0.232266666666667,5e+05,464982.778415614
"877",877,877,"C67",0.23,5,150,"EXP3",0.194666666666667,5e+05,590753.424657534
"878",878,878,"C73",0.233,5,150,"EXP3",0.195666666666667,5e+05,595400.340715503
"879",879,879,"C85",0.229,5,150,"EXP3",0.259733333333333,5e+05,440836.755646817
"880",880,880,"C89",0.221,5,150,"EXP3",0.194266666666667,5e+05,568805.765271105
"881",881,881,"REF",0.227,5,150,"EXP3",0.1908,5e+05,594863.731656185
"882",882,882,"GSH1",0.227,5,150,"EXP3",0.2116,5e+05,536389.413988658
"883",883,883,"C6",0.222,5,150,"EXP3",0.202533333333333,5e+05,548057.93285056
"884",884,884,"C7",0.214,5,150,"EXP3",0.187933333333333,5e+05,569350.833628946
"885",885,885,"C44",0.215,5,150,"EXP3",0.185333333333333,5e+05,580035.971223022
"886",886,886,"C58",0.222,5,150,"EXP3",0.232266666666667,5e+05,477898.966704937
"887",887,887,"C67",0.218,5,150,"EXP3",0.194666666666667,5e+05,559931.506849315
"888",888,888,"C73",0.226,5,150,"EXP3",0.195666666666667,5e+05,577512.776831346
"889",889,889,"C85",0.227,5,150,"EXP3",0.259733333333333,5e+05,436986.652977413
"890",890,890,"C89",0.217,5,150,"EXP3",0.194266666666667,5e+05,558510.638297872
"891",891,891,"REF",0.209,5,150,"EXP3",0.1908,5e+05,547693.92033543
"892",892,892,"GSH1",0.221,5,150,"EXP3",0.2116,5e+05,522211.720226843
"893",893,893,"C6",0.215,5,150,"EXP3",0.202533333333333,5e+05,530776.826859776
"894",894,894,"C7",0.21,5,150,"EXP3",0.187933333333333,5e+05,558708.761972331
"895",895,895,"C44",0.214,5,150,"EXP3",0.185333333333333,5e+05,577338.129496403
"896",896,896,"C58",0.224,5,150,"EXP3",0.232266666666667,5e+05,482204.362801378
"897",897,897,"C67",0.219,5,150,"EXP3",0.194666666666667,5e+05,562500
"898",898,898,"C73",0.159,5,150,"EXP3",0.195666666666667,5e+05,406303.236797274
"899",899,899,"C85",0.212,5,150,"EXP3",0.259733333333333,5e+05,408110.882956879
"900",900,900,"C89",0.154,5,150,"EXP3",0.194266666666667,5e+05,396362.388469458
